{"type":"FeatureCollection","bbox":[0.0,0.0,-1.0,-1.0],"features":[{"type":"Feature","properties":{"p_50_54_om_ie":4791,"p_total_cfw":4371,"p_65_69_e":9145,"p_60_64_cfw":341,"p_40_44_es_ns":488,"p_total_om_ie":35541,"p_60_64_om_ie":2808,"p_70_74_e":2622,"p_40_44_cfw":469,"p_60_64_total":27987,"p_40_44_total":79353,"p_45_49_om_uie":3617,"p_40_44_om_uie":3710,"p_75ov_om_ie":395,"p_70_74_cfw":206,"p_45_49_e":59695,"p_75ov_e":1061,"p_65_69_total":12918,"p_50_54_cfw":433,"p_50_54_e":47793,"p_70_74_om_uie":636,"p_55_59_om_uie":2687,"p_75ov_om_uie":415,"p_65_69_om_uie":1459,"p_total_e":613394,"p_55_59_total":44367,"p_50_54_es_ns":416,"p_total_es_ns":4937,"p_60_64_om_uie":2045,"p_65_69_om_ie":1846,"p_70_74_es_ns":121,"sa4_name16":"Melbourne - Inner","p_65_69_es_ns":178,"p_50_54_total":56557,"p_60_64_es_ns":317,"p_55_59_e":36962,"p_45_49_cfw":514,"p_total_total":686467,"p_70_74_om_ie":786,"p_50_54_om_uie":3122,"p_75ov_es_ns":144,"p_75ov_total":2205,"p_45_49_om_ie":5473,"p_70_74_total":4376,"p_45_49_total":69774,"p_60_64_e":22472,"p_55_59_cfw":429,"p_65_69_cfw":287,"p_55_59_om_ie":3909,"p_total_om_uie":28224,"p_55_59_es_ns":385,"sa4_code16":"206","p_75ov_cfw":180,"p_45_49_es_ns":475},"id":"sa4_w02b_sts_in_emp_by_age_by_sx_census_2016.fid--2ea3ac96_163341f620f_30d6"},{"type":"Feature","properties":{"p_50_54_om_ie":1867,"p_total_cfw":2178,"p_65_69_e":2830,"p_60_64_cfw":184,"p_40_44_es_ns":100,"p_total_om_ie":12451,"p_60_64_om_ie":1123,"p_70_74_e":955,"p_40_44_cfw":274,"p_60_64_total":8516,"p_40_44_total":15007,"p_45_49_om_uie":1204,"p_40_44_om_uie":1063,"p_75ov_om_ie":225,"p_70_74_cfw":117,"p_45_49_e":12043,"p_75ov_e":336,"p_65_69_total":4471,"p_50_54_cfw":242,"p_50_54_e":11043,"p_70_74_om_uie":333,"p_55_59_om_uie":1127,"p_75ov_om_uie":222,"p_65_69_om_uie":645,"p_total_e":117182,"p_55_59_total":12603,"p_50_54_es_ns":114,"p_total_es_ns":1066,"p_60_64_om_uie":882,"p_65_69_om_ie":799,"p_70_74_es_ns":47,"sa4_name16":"Melbourne - Inner East","p_65_69_es_ns":46,"p_50_54_total":14520,"p_60_64_es_ns":69,"p_55_59_e":9538,"p_45_49_cfw":307,"p_total_total":142323,"p_70_74_om_ie":408,"p_50_54_om_uie":1256,"p_75ov_es_ns":45,"p_75ov_total":916,"p_45_49_om_ie":1989,"p_70_74_total":1852,"p_45_49_total":15668,"p_60_64_e":6259,"p_55_59_cfw":206,"p_65_69_cfw":153,"p_55_59_om_ie":1607,"p_total_om_uie":9454,"p_55_59_es_ns":117,"sa4_code16":"207","p_75ov_cfw":87,"p_45_49_es_ns":119},"id":"sa4_w02b_sts_in_emp_by_age_by_sx_census_2016.fid--2ea3ac96_163341f620f_30d7"},{"type":"Feature","properties":{"p_50_54_om_ie":2267,"p_total_cfw":2371,"p_65_69_e":3015,"p_60_64_cfw":214,"p_40_44_es_ns":128,"p_total_om_ie":14883,"p_60_64_om_ie":1542,"p_70_74_e":948,"p_40_44_cfw":291,"p_60_64_total":9702,"p_40_44_total":16267,"p_45_49_om_uie":1752,"p_40_44_om_uie":1579,"p_75ov_om_ie":242,"p_70_74_cfw":129,"p_45_49_e":12884,"p_75ov_e":376,"p_65_69_total":5075,"p_50_54_cfw":270,"p_50_54_e":11624,"p_70_74_om_uie":348,"p_55_59_om_uie":1450,"p_75ov_om_uie":189,"p_65_69_om_uie":795,"p_total_e":121609,"p_55_59_total":13672,"p_50_54_es_ns":131,"p_total_es_ns":1334,"p_60_64_om_uie":1169,"p_65_69_om_ie":999,"p_70_74_es_ns":43,"sa4_name16":"Melbourne - Inner South","p_65_69_es_ns":78,"p_50_54_total":15903,"p_60_64_es_ns":102,"p_55_59_e":9920,"p_45_49_cfw":314,"p_total_total":152571,"p_70_74_om_ie":475,"p_50_54_om_uie":1619,"p_75ov_es_ns":54,"p_75ov_total":980,"p_45_49_om_ie":2397,"p_70_74_total":1942,"p_45_49_total":17485,"p_60_64_e":6663,"p_55_59_cfw":249,"p_65_69_cfw":188,"p_55_59_om_ie":1926,"p_total_om_uie":12377,"p_55_59_es_ns":133,"sa4_code16":"208","p_75ov_cfw":119,"p_45_49_es_ns":140},"id":"sa4_w02b_sts_in_emp_by_age_by_sx_census_2016.fid--2ea3ac96_163341f620f_30d8"},{"type":"Feature","properties":{"p_50_54_om_ie":1698,"p_total_cfw":1973,"p_65_69_e":2507,"p_60_64_cfw":172,"p_40_44_es_ns":154,"p_total_om_ie":11871,"p_60_64_om_ie":1082,"p_70_74_e":612,"p_40_44_cfw":212,"p_60_64_total":8811,"p_40_44_total":15628,"p_45_49_om_uie":1347,"p_40_44_om_uie":1404,"p_75ov_om_ie":151,"p_70_74_cfw":108,"p_45_49_e":12612,"p_75ov_e":244,"p_65_69_total":3850,"p_50_54_cfw":230,"p_50_54_e":11568,"p_70_74_om_uie":206,"p_55_59_om_uie":1089,"p_75ov_om_uie":107,"p_65_69_om_uie":514,"p_total_e":117600,"p_55_59_total":13022,"p_50_54_es_ns":169,"p_total_es_ns":1613,"p_60_64_om_uie":799,"p_65_69_om_ie":588,"p_70_74_es_ns":34,"sa4_name16":"Melbourne - North East","p_65_69_es_ns":89,"p_50_54_total":14885,"p_60_64_es_ns":139,"p_55_59_e":10118,"p_45_49_cfw":220,"p_total_total":143201,"p_70_74_om_ie":303,"p_50_54_om_uie":1221,"p_75ov_es_ns":31,"p_75ov_total":598,"p_45_49_om_ie":1837,"p_70_74_total":1262,"p_45_49_total":16200,"p_60_64_e":6619,"p_55_59_cfw":190,"p_65_69_cfw":149,"p_55_59_om_ie":1511,"p_total_om_uie":10149,"p_55_59_es_ns":108,"sa4_code16":"209","p_75ov_cfw":71,"p_45_49_es_ns":181},"id":"sa4_w02b_sts_in_emp_by_age_by_sx_census_2016.fid--2ea3ac96_163341f620f_30d9"},{"type":"Feature","properties":{"p_50_54_om_ie":1535,"p_total_cfw":1651,"p_65_69_e":1943,"p_60_64_cfw":139,"p_40_44_es_ns":165,"p_total_om_ie":10181,"p_60_64_om_ie":822,"p_70_74_e":521,"p_40_44_cfw":214,"p_60_64_total":7546,"p_40_44_total":16096,"p_45_49_om_uie":1116,"p_40_44_om_uie":1064,"p_75ov_om_ie":107,"p_70_74_cfw":67,"p_45_49_e":13429,"p_75ov_e":178,"p_65_69_total":2884,"p_50_54_cfw":205,"p_50_54_e":12324,"p_70_74_om_uie":128,"p_55_59_om_uie":762,"p_75ov_om_uie":64,"p_65_69_om_uie":298,"p_total_e":116945,"p_55_59_total":12090,"p_50_54_es_ns":187,"p_total_es_ns":1698,"p_60_64_om_uie":571,"p_65_69_om_ie":456,"p_70_74_es_ns":27,"sa4_name16":"Melbourne - North West","p_65_69_es_ns":71,"p_50_54_total":15184,"p_60_64_es_ns":85,"p_55_59_e":9809,"p_45_49_cfw":199,"p_total_total":138428,"p_70_74_om_ie":187,"p_50_54_om_uie":931,"p_75ov_es_ns":28,"p_75ov_total":416,"p_45_49_om_ie":1611,"p_70_74_total":933,"p_45_49_total":16514,"p_60_64_e":5915,"p_55_59_cfw":159,"p_65_69_cfw":118,"p_55_59_om_ie":1208,"p_total_om_uie":7956,"p_55_59_es_ns":156,"sa4_code16":"210","p_75ov_cfw":47,"p_45_49_es_ns":164},"id":"sa4_w02b_sts_in_emp_by_age_by_sx_census_2016.fid--2ea3ac96_163341f620f_30da"},{"type":"Feature","properties":{"p_50_54_om_ie":2332,"p_total_cfw":2813,"p_65_69_e":3438,"p_60_64_cfw":265,"p_40_44_es_ns":138,"p_total_om_ie":14704,"p_60_64_om_ie":1460,"p_70_74_e":954,"p_40_44_cfw":298,"p_60_64_total":11702,"p_40_44_total":18677,"p_45_49_om_uie":1750,"p_40_44_om_uie":1566,"p_75ov_om_ie":178,"p_70_74_cfw":149,"p_45_49_e":15491,"p_75ov_e":357,"p_65_69_total":5543,"p_50_54_cfw":329,"p_50_54_e":14742,"p_70_74_om_uie":354,"p_55_59_om_uie":1573,"p_75ov_om_uie":194,"p_65_69_om_uie":828,"p_total_e":140933,"p_55_59_total":16702,"p_50_54_es_ns":175,"p_total_es_ns":1516,"p_60_64_om_uie":1317,"p_65_69_om_ie":957,"p_70_74_es_ns":45,"sa4_name16":"Melbourne - Outer East","p_65_69_es_ns":89,"p_50_54_total":19322,"p_60_64_es_ns":113,"p_55_59_e":12625,"p_45_49_cfw":349,"p_total_total":173162,"p_70_74_om_ie":406,"p_50_54_om_uie":1750,"p_75ov_es_ns":59,"p_75ov_total":936,"p_45_49_om_ie":2296,"p_70_74_total":1913,"p_45_49_total":20043,"p_60_64_e":8550,"p_55_59_cfw":326,"p_65_69_cfw":238,"p_55_59_om_ie":2032,"p_total_om_uie":13187,"p_55_59_es_ns":140,"sa4_code16":"211","p_75ov_cfw":149,"p_45_49_es_ns":156},"id":"sa4_w02b_sts_in_emp_by_age_by_sx_census_2016.fid--2ea3ac96_163341f620f_30db"},{"type":"Feature","properties":{"p_50_54_om_ie":3054,"p_total_cfw":3702,"p_65_69_e":5286,"p_60_64_cfw":302,"p_40_44_es_ns":307,"p_total_om_ie":20522,"p_60_64_om_ie":1744,"p_70_74_e":1387,"p_40_44_cfw":441,"p_60_64_total":17646,"p_40_44_total":34660,"p_45_49_om_uie":2247,"p_40_44_om_uie":2152,"p_75ov_om_ie":196,"p_70_74_cfw":138,"p_45_49_e":29358,"p_75ov_e":501,"p_65_69_total":7470,"p_50_54_cfw":408,"p_50_54_e":26400,"p_70_74_om_uie":368,"p_55_59_om_uie":1865,"p_75ov_om_uie":224,"p_65_69_om_uie":794,"p_total_e":255405,"p_55_59_total":26569,"p_50_54_es_ns":267,"p_total_es_ns":2802,"p_60_64_om_uie":1444,"p_65_69_om_ie":1029,"p_70_74_es_ns":73,"sa4_name16":"Melbourne - South East","p_65_69_es_ns":138,"p_50_54_total":32150,"p_60_64_es_ns":180,"p_55_59_e":21622,"p_45_49_cfw":435,"p_total_total":299165,"p_70_74_om_ie":450,"p_50_54_om_uie":2011,"p_75ov_es_ns":96,"p_75ov_total":1182,"p_45_49_om_ie":3190,"p_70_74_total":2422,"p_45_49_total":35522,"p_60_64_e":13977,"p_55_59_cfw":368,"p_65_69_cfw":230,"p_55_59_om_ie":2470,"p_total_om_uie":16732,"p_55_59_es_ns":254,"sa4_code16":"212","p_75ov_cfw":161,"p_45_49_es_ns":296},"id":"sa4_w02b_sts_in_emp_by_age_by_sx_census_2016.fid--2ea3ac96_163341f620f_30dc"},{"type":"Feature","properties":{"p_50_54_om_ie":1974,"p_total_cfw":2758,"p_65_69_e":3124,"p_60_64_cfw":185,"p_40_44_es_ns":261,"p_total_om_ie":14686,"p_60_64_om_ie":1043,"p_70_74_e":746,"p_40_44_cfw":339,"p_60_64_total":11736,"p_40_44_total":25463,"p_45_49_om_uie":1807,"p_40_44_om_uie":1887,"p_75ov_om_ie":84,"p_70_74_cfw":83,"p_45_49_e":20228,"p_75ov_e":263,"p_65_69_total":4359,"p_50_54_cfw":328,"p_50_54_e":18228,"p_70_74_om_uie":139,"p_55_59_om_uie":1310,"p_75ov_om_uie":56,"p_65_69_om_uie":457,"p_total_e":185135,"p_55_59_total":18406,"p_50_54_es_ns":269,"p_total_es_ns":2496,"p_60_64_om_uie":900,"p_65_69_om_ie":560,"p_70_74_es_ns":45,"sa4_name16":"Melbourne - West","p_65_69_es_ns":99,"p_50_54_total":22282,"p_60_64_es_ns":159,"p_55_59_e":15035,"p_45_49_cfw":344,"p_total_total":218458,"p_70_74_om_ie":223,"p_50_54_om_uie":1485,"p_75ov_es_ns":35,"p_75ov_total":480,"p_45_49_om_ie":2209,"p_70_74_total":1237,"p_45_49_total":24849,"p_60_64_e":9451,"p_55_59_cfw":267,"p_65_69_cfw":113,"p_55_59_om_ie":1584,"p_total_om_uie":13378,"p_55_59_es_ns":211,"sa4_code16":"213","p_75ov_cfw":46,"p_45_49_es_ns":255},"id":"sa4_w02b_sts_in_emp_by_age_by_sx_census_2016.fid--2ea3ac96_163341f620f_30dd"},{"type":"Feature","properties":{"p_50_54_om_ie":1293,"p_total_cfw":1726,"p_65_69_e":1822,"p_60_64_cfw":178,"p_40_44_es_ns":102,"p_total_om_ie":8622,"p_60_64_om_ie":869,"p_70_74_e":498,"p_40_44_cfw":217,"p_60_64_total":6269,"p_40_44_total":9913,"p_45_49_om_uie":1194,"p_40_44_om_uie":1077,"p_75ov_om_ie":117,"p_70_74_cfw":112,"p_45_49_e":7843,"p_75ov_e":215,"p_65_69_total":3165,"p_50_54_cfw":182,"p_50_54_e":7274,"p_70_74_om_uie":249,"p_55_59_om_uie":993,"p_75ov_om_uie":118,"p_65_69_om_uie":546,"p_total_e":72541,"p_55_59_total":8928,"p_50_54_es_ns":102,"p_total_es_ns":1018,"p_60_64_om_uie":844,"p_65_69_om_ie":572,"p_70_74_es_ns":44,"sa4_name16":"Mornington Peninsula","p_65_69_es_ns":67,"p_50_54_total":10001,"p_60_64_es_ns":85,"p_55_59_e":6490,"p_45_49_cfw":203,"p_total_total":92394,"p_70_74_om_ie":244,"p_50_54_om_uie":1154,"p_75ov_es_ns":38,"p_75ov_total":575,"p_45_49_om_ie":1425,"p_70_74_total":1157,"p_45_49_total":10760,"p_60_64_e":4291,"p_55_59_cfw":194,"p_65_69_cfw":168,"p_55_59_om_ie":1144,"p_total_om_uie":8485,"p_55_59_es_ns":105,"sa4_code16":"214","p_75ov_cfw":83,"p_45_49_es_ns":100},"id":"sa4_w02b_sts_in_emp_by_age_by_sx_census_2016.fid--2ea3ac96_163341f620f_30de"}]}