{"organisation":"AU_Govt_ABS","name":"sa4_w02b_sts_in_emp_by_age_by_sx_census_2016","title":"SA4-W02b Status in Employment by Age by Sex-Census 2016","legal":{"copyrightYear":"2017","attributionYear":"2017","attribution":"{datasource.organisationTitle}, ({dataset.attributionYear}): {dataset.title}; accessed from AURIN Portal on {dateOfAccess}.","clickthrough":false,"licenceType":"Creative Commons Attribution 2.5 Australia (CC BY 2.5 AU)","copyrightNotice":"&copy; {datasource.organisationTitle} {dataset.copyrightYear}"},"referenceSystemIdentifier":"urn:x-ogc:def:crs:EPSG:4283","geoLevel":"sa4_2016","key":"sa4_code16","keyRegex":null,"availability":"true","geomField":"wkb_geometry","keyword":"census,wpp,employment,2016,w02b,working population profile,work,employment status","theme":null,"temporalExtent":{"beginDate":"2016-08-09T00:00:00","endDate":"2016-08-11T00:00:00","selectTime":false},"type":"dataset","_id":"dataset-AU_Govt_ABS-sa4_w02b_sts_in_emp_by_age_by_sx_census_2016-sa4_2016","bbox":null,"abstract":"SA4 based data for Status in Employment by Age by Sex, in Working Population Profile (WPP), 2016 Census. Count of employed persons aged 15 years and over. W02 is broken up into 2 sections (W02a - W02b), this section contains 'Persons 40-44 years Owner managers of unincorporated enterprises' - 'Persons Total Total'. The data is by SA4 2016 boundaries. Periodicity: 5-Yearly. <br/>\nNote: There are small random adjustments made to all cell values to protect the confidentiality of data. These adjustments may cause the sum of rows or columns to differ by small amounts from table totals.<br/>\nFor more information visit the data source: <a href=http://www.abs.gov.au/census>http://www.abs.gov.au/census</a>. \n","selectedAttributes":[{"name":"sa4_code16","type":"java.lang.String","title":"SA4 Code 2016","description":"SA4 Code 2016.","stype":"nominal","isDimension":false},{"name":"p_40_44_cfw","type":"java.lang.Integer","title":"Persons 40-44 years Contributing family workers","description":"Persons 40-44 years Contributing family workers.","stype":"ratio","isDimension":false},{"name":"p_40_44_es_ns","type":"java.lang.Integer","title":"Persons 40-44 years Status in employment not stated","description":"Persons 40-44 years Status in employment not stated.","stype":"ratio","isDimension":false},{"name":"p_40_44_om_uie","type":"java.lang.Integer","title":"Persons 40-44 years Owner managers of unincorporated enterprises","description":"Persons 40-44 years Owner managers of unincorporated enterprises.","stype":"ratio","isDimension":false},{"name":"p_40_44_total","type":"java.lang.Integer","title":"Persons 40-44 years Total","description":"Persons 40-44 years Total.","stype":"ratio","isDimension":false},{"name":"p_45_49_cfw","type":"java.lang.Integer","title":"Persons 45-49 years Contributing family workers","description":"Persons 45-49 years Contributing family workers.","stype":"ratio","isDimension":false},{"name":"p_45_49_e","type":"java.lang.Integer","title":"Persons 45-49 years Employee","description":"Persons 45-49 years Employee.","stype":"ratio","isDimension":false},{"name":"p_45_49_es_ns","type":"java.lang.Integer","title":"Persons 45-49 years Status in employment not stated","description":"Persons 45-49 years Status in employment not stated.","stype":"ratio","isDimension":false},{"name":"p_45_49_om_ie","type":"java.lang.Integer","title":"Persons 45-49 years Owner managers of incorporated enterprises","description":"Persons 45-49 years Owner managers of incorporated enterprises.","stype":"ratio","isDimension":false},{"name":"p_45_49_om_uie","type":"java.lang.Integer","title":"Persons 45-49 years Owner managers of unincorporated enterprises","description":"Persons 45-49 years Owner managers of unincorporated enterprises.","stype":"ratio","isDimension":false},{"name":"p_45_49_total","type":"java.lang.Integer","title":"Persons 45-49 years Total","description":"Persons 45-49 years Total.","stype":"ratio","isDimension":false},{"name":"p_50_54_cfw","type":"java.lang.Integer","title":"Persons 50-54 years Contributing family workers","description":"Persons 50-54 years Contributing family workers.","stype":"ratio","isDimension":false},{"name":"p_50_54_e","type":"java.lang.Integer","title":"Persons 50-54 years Employee","description":"Persons 50-54 years Employee.","stype":"ratio","isDimension":false},{"name":"p_50_54_es_ns","type":"java.lang.Integer","title":"Persons 50-54 years Status in employment not stated","description":"Persons 50-54 years Status in employment not stated.","stype":"ratio","isDimension":false},{"name":"p_50_54_om_ie","type":"java.lang.Integer","title":"Persons 50-54 years Owner managers of incorporated enterprises","description":"Persons 50-54 years Owner managers of incorporated enterprises.","stype":"ratio","isDimension":false},{"name":"p_50_54_om_uie","type":"java.lang.Integer","title":"Persons 50-54 years Owner managers of unincorporated enterprises","description":"Persons 50-54 years Owner managers of unincorporated enterprises.","stype":"ratio","isDimension":false},{"name":"p_50_54_total","type":"java.lang.Integer","title":"Persons 50-54 years Total","description":"Persons 50-54 years Total.","stype":"ratio","isDimension":false},{"name":"p_55_59_cfw","type":"java.lang.Integer","title":"Persons 55-59 years Contributing family workers","description":"Persons 55-59 years Contributing family workers.","stype":"ratio","isDimension":false},{"name":"p_55_59_e","type":"java.lang.Integer","title":"Persons 55-59 years Employee","description":"Persons 55-59 years Employee.","stype":"ratio","isDimension":false},{"name":"p_55_59_es_ns","type":"java.lang.Integer","title":"Persons 55-59 years Status in employment not stated","description":"Persons 55-59 years Status in employment not stated.","stype":"ratio","isDimension":false},{"name":"p_55_59_om_ie","type":"java.lang.Integer","title":"Persons 55-59 years Owner managers of incorporated enterprises","description":"Persons 55-59 years Owner managers of incorporated enterprises.","stype":"ratio","isDimension":false},{"name":"p_55_59_om_uie","type":"java.lang.Integer","title":"Persons 55-59 years Owner managers of unincorporated enterprises","description":"Persons 55-59 years Owner managers of unincorporated enterprises.","stype":"ratio","isDimension":false},{"name":"p_55_59_total","type":"java.lang.Integer","title":"Persons 55-59 years Total","description":"Persons 55-59 years Total.","stype":"ratio","isDimension":false},{"name":"p_60_64_cfw","type":"java.lang.Integer","title":"Persons 60-64 years Contributing family workers","description":"Persons 60-64 years Contributing family workers.","stype":"ratio","isDimension":false},{"name":"p_60_64_e","type":"java.lang.Integer","title":"Persons 60-64 years Employee","description":"Persons 60-64 years Employee.","stype":"ratio","isDimension":false},{"name":"p_60_64_es_ns","type":"java.lang.Integer","title":"Persons 60-64 years Status in employment not stated","description":"Persons 60-64 years Status in employment not stated.","stype":"ratio","isDimension":false},{"name":"p_60_64_om_ie","type":"java.lang.Integer","title":"Persons 60-64 years Owner managers of incorporated enterprises","description":"Persons 60-64 years Owner managers of incorporated enterprises.","stype":"ratio","isDimension":false},{"name":"p_60_64_om_uie","type":"java.lang.Integer","title":"Persons 60-64 years Owner managers of unincorporated enterprises","description":"Persons 60-64 years Owner managers of unincorporated enterprises.","stype":"ratio","isDimension":false},{"name":"p_60_64_total","type":"java.lang.Integer","title":"Persons 60-64 years Total","description":"Persons 60-64 years Total.","stype":"ratio","isDimension":false},{"name":"p_65_69_cfw","type":"java.lang.Integer","title":"Persons 65-69 years Contributing family workers","description":"Persons 65-69 years Contributing family workers.","stype":"ratio","isDimension":false},{"name":"p_65_69_e","type":"java.lang.Integer","title":"Persons 65-69 years Employee","description":"Persons 65-69 years Employee.","stype":"ratio","isDimension":false},{"name":"p_65_69_es_ns","type":"java.lang.Integer","title":"Persons 65-69 years Status in employment not stated","description":"Persons 65-69 years Status in employment not stated.","stype":"ratio","isDimension":false},{"name":"p_65_69_om_ie","type":"java.lang.Integer","title":"Persons 65-69 years Owner managers of incorporated enterprises","description":"Persons 65-69 years Owner managers of incorporated enterprises.","stype":"ratio","isDimension":false},{"name":"p_65_69_om_uie","type":"java.lang.Integer","title":"Persons 65-69 years Owner managers of unincorporated enterprises","description":"Persons 65-69 years Owner managers of unincorporated enterprises.","stype":"ratio","isDimension":false},{"name":"p_65_69_total","type":"java.lang.Integer","title":"Persons 65-69 years Total","description":"Persons 65-69 years Total.","stype":"ratio","isDimension":false},{"name":"p_70_74_cfw","type":"java.lang.Integer","title":"Persons 70-74 years Contributing family workers","description":"Persons 70-74 years Contributing family workers.","stype":"ratio","isDimension":false},{"name":"p_70_74_e","type":"java.lang.Integer","title":"Persons 70-74 years Employee","description":"Persons 70-74 years Employee.","stype":"ratio","isDimension":false},{"name":"p_70_74_es_ns","type":"java.lang.Integer","title":"Persons 70-74 years Status in employment not stated","description":"Persons 70-74 years Status in employment not stated.","stype":"ratio","isDimension":false},{"name":"p_70_74_om_ie","type":"java.lang.Integer","title":"Persons 70-74 years Owner managers of incorporated enterprises","description":"Persons 70-74 years Owner managers of incorporated enterprises.","stype":"ratio","isDimension":false},{"name":"p_70_74_om_uie","type":"java.lang.Integer","title":"Persons 70-74 years Owner managers of unincorporated enterprises","description":"Persons 70-74 years Owner managers of unincorporated enterprises.","stype":"ratio","isDimension":false},{"name":"p_70_74_total","type":"java.lang.Integer","title":"Persons 70-74 years Total","description":"Persons 70-74 years Total.","stype":"ratio","isDimension":false},{"name":"p_75ov_cfw","type":"java.lang.Integer","title":"Persons 75 years and over Contributing family workers","description":"Persons 75 years and over Contributing family workers.","stype":"ratio","isDimension":false},{"name":"p_75ov_e","type":"java.lang.Integer","title":"Persons 75 years and over Employee","description":"Persons 75 years and over Employee.","stype":"ratio","isDimension":false},{"name":"p_75ov_es_ns","type":"java.lang.Integer","title":"Persons 75 years and over Status in employment not stated","description":"Persons 75 years and over Status in employment not stated.","stype":"ratio","isDimension":false},{"name":"p_75ov_om_ie","type":"java.lang.Integer","title":"Persons 75 years and over Owner managers of incorporated enterprises","description":"Persons 75 years and over Owner managers of incorporated enterprises.","stype":"ratio","isDimension":false},{"name":"p_75ov_om_uie","type":"java.lang.Integer","title":"Persons 75 years and over Owner managers of unincorporated enterprises","description":"Persons 75 years and over Owner managers of unincorporated enterprises.","stype":"ratio","isDimension":false},{"name":"p_75ov_total","type":"java.lang.Integer","title":"Persons 75 years and over Total","description":"Persons 75 years and over Total.","stype":"ratio","isDimension":false},{"name":"p_total_cfw","type":"java.lang.Integer","title":"Persons Total Contributing family workers","description":"Persons Total Contributing family workers.","stype":"ratio","isDimension":false},{"name":"p_total_e","type":"java.lang.Integer","title":"Persons Total Employee","description":"Persons Total Employee.","stype":"ratio","isDimension":false},{"name":"p_total_es_ns","type":"java.lang.Integer","title":"Persons Total Status in employment not stated","description":"Persons Total Status in employment not stated.","stype":"ratio","isDimension":false},{"name":"p_total_om_ie","type":"java.lang.Integer","title":"Persons Total Owner managers of incorporated enterprises","description":"Persons Total Owner managers of incorporated enterprises.","stype":"ratio","isDimension":false},{"name":"p_total_om_uie","type":"java.lang.Integer","title":"Persons Total Owner managers of unincorporated enterprises","description":"Persons Total Owner managers of unincorporated enterprises.","stype":"ratio","isDimension":false},{"name":"p_total_total","type":"java.lang.Integer","title":"Persons Total Total","description":"Persons Total Total.","stype":"ratio","isDimension":false},{"name":"sa4_name16","type":"java.lang.String","title":"SA4 Name 2016","description":"SA4 Name 2016.","stype":"nominal","isDimension":false}],"filter":{"filterType":"tabular","feature":{"key":"sa4_code16","geoLevel":"sa4_2016","geoField":"ignored","year":"2006","featureBbox":[144.33363404800002,-38.50298801599996,145.8784120140001,-37.17509899299995],"featureType":"gccsa_2016","featureInstance":"2GMEL","featureName":"Greater Melbourne","referenceSystemIdentifier":"urn:x-ogc:def:crs:EPSG:4283","prefix":"","keyTransform":null},"states":["2"]}}