{"type":"FeatureCollection","bbox":[0.0,0.0,-1.0,-1.0],"features":[{"type":"Feature","properties":{"tot_bnw":902,"part_inc_stated_lfsta_ns":416,"part_inc_stated_1ept_othnw":31,"part_inc_stated_1aw_othnw":9,"part_inc_stated_1ept_othaw":3,"all_inc_ns_tot":63,"part_inc_stated_bnw":94,"i_4000more_tot":1500,"all_inc_ns_be_wft":11,"tot_1eft_othnw":1486,"part_inc_stated_tot":901,"i_4000more_1aw_othnw":3,"part_inc_stated_be_baw":10,"tot_be_baw":54,"tot_1eft_othpt":2753,"i_4000more_bnw":27,"tot_be_wft":1451,"all_inc_ns_be_wpt":0,"sa3_code16":"20601","tot_1ept_othnw":460,"part_inc_stated_be_wpt":21,"all_inc_ns_be_baw":3,"tot_1aw_othnw":82,"tot_1eft_othaw":371,"part_inc_stated_be_wft":87,"all_inc_ns_1ept_othnw":0,"all_inc_ns_1eft_othpt":12,"tot_be_wpt":423,"all_inc_ns_1ept_othaw":0,"part_inc_stated_1eft_othpt":140,"part_inc_stated_1eft_othnw":71,"tot_tot":8524,"all_inc_ns_bnw":11,"all_inc_ns_1eft_othaw":3,"tot_lfsta_ns":455,"i_4000more_lfsta_ns":0,"tot_1ept_othaw":90,"sa3_name16":"Brunswick - Coburg","all_inc_ns_1eft_othnw":10,"part_inc_stated_1eft_othaw":19,"all_inc_ns_lfsta_ns":13,"all_inc_ns_1aw_othnw":3},"id":"sa3_g55b_tot_fam_inc_by_lbr_frc_sts_cpl_fam_wh_chld_census_2016.fid--2ea3ac96_163341f620f_3076"},{"type":"Feature","properties":{"tot_bnw":454,"part_inc_stated_lfsta_ns":247,"part_inc_stated_1ept_othnw":21,"part_inc_stated_1aw_othnw":4,"part_inc_stated_1ept_othaw":12,"all_inc_ns_tot":45,"part_inc_stated_bnw":62,"i_4000more_tot":1487,"all_inc_ns_be_wft":10,"tot_1eft_othnw":860,"part_inc_stated_tot":561,"i_4000more_1aw_othnw":6,"part_inc_stated_be_baw":3,"tot_be_baw":38,"tot_1eft_othpt":2089,"i_4000more_bnw":11,"tot_be_wft":1079,"all_inc_ns_be_wpt":0,"sa3_code16":"20602","tot_1ept_othnw":256,"part_inc_stated_be_wpt":12,"all_inc_ns_be_baw":3,"tot_1aw_othnw":38,"tot_1eft_othaw":226,"part_inc_stated_be_wft":69,"all_inc_ns_1ept_othnw":5,"all_inc_ns_1eft_othpt":10,"tot_be_wpt":315,"all_inc_ns_1ept_othaw":0,"part_inc_stated_1eft_othpt":88,"part_inc_stated_1eft_othnw":38,"tot_tot":5699,"all_inc_ns_bnw":5,"all_inc_ns_1eft_othaw":0,"tot_lfsta_ns":269,"i_4000more_lfsta_ns":3,"tot_1ept_othaw":71,"sa3_name16":"Darebin - South","all_inc_ns_1eft_othnw":3,"part_inc_stated_1eft_othaw":3,"all_inc_ns_lfsta_ns":10,"all_inc_ns_1aw_othnw":0},"id":"sa3_g55b_tot_fam_inc_by_lbr_frc_sts_cpl_fam_wh_chld_census_2016.fid--2ea3ac96_163341f620f_3077"},{"type":"Feature","properties":{"tot_bnw":564,"part_inc_stated_lfsta_ns":357,"part_inc_stated_1ept_othnw":26,"part_inc_stated_1aw_othnw":9,"part_inc_stated_1ept_othaw":3,"all_inc_ns_tot":71,"part_inc_stated_bnw":60,"i_4000more_tot":2101,"all_inc_ns_be_wft":3,"tot_1eft_othnw":1354,"part_inc_stated_tot":834,"i_4000more_1aw_othnw":8,"part_inc_stated_be_baw":7,"tot_be_baw":71,"tot_1eft_othpt":2543,"i_4000more_bnw":22,"tot_be_wft":1667,"all_inc_ns_be_wpt":0,"sa3_code16":"20603","tot_1ept_othnw":358,"part_inc_stated_be_wpt":30,"all_inc_ns_be_baw":9,"tot_1aw_othnw":74,"tot_1eft_othaw":299,"part_inc_stated_be_wft":124,"all_inc_ns_1ept_othnw":3,"all_inc_ns_1eft_othpt":15,"tot_be_wpt":295,"all_inc_ns_1ept_othaw":0,"part_inc_stated_1eft_othpt":146,"part_inc_stated_1eft_othnw":59,"tot_tot":7676,"all_inc_ns_bnw":6,"all_inc_ns_1eft_othaw":3,"tot_lfsta_ns":393,"i_4000more_lfsta_ns":0,"tot_1ept_othaw":65,"sa3_name16":"Essendon","all_inc_ns_1eft_othnw":12,"part_inc_stated_1eft_othaw":13,"all_inc_ns_lfsta_ns":15,"all_inc_ns_1aw_othnw":3},"id":"sa3_g55b_tot_fam_inc_by_lbr_frc_sts_cpl_fam_wh_chld_census_2016.fid--2ea3ac96_163341f620f_3078"},{"type":"Feature","properties":{"tot_bnw":503,"part_inc_stated_lfsta_ns":378,"part_inc_stated_1ept_othnw":18,"part_inc_stated_1aw_othnw":8,"part_inc_stated_1ept_othaw":0,"all_inc_ns_tot":44,"part_inc_stated_bnw":31,"i_4000more_tot":1289,"all_inc_ns_be_wft":0,"tot_1eft_othnw":1423,"part_inc_stated_tot":624,"i_4000more_1aw_othnw":8,"part_inc_stated_be_baw":4,"tot_be_baw":65,"tot_1eft_othpt":1185,"i_4000more_bnw":23,"tot_be_wft":1171,"all_inc_ns_be_wpt":3,"sa3_code16":"20604","tot_1ept_othnw":302,"part_inc_stated_be_wpt":19,"all_inc_ns_be_baw":4,"tot_1aw_othnw":74,"tot_1eft_othaw":232,"part_inc_stated_be_wft":61,"all_inc_ns_1ept_othnw":0,"all_inc_ns_1eft_othpt":3,"tot_be_wpt":189,"all_inc_ns_1ept_othaw":0,"part_inc_stated_1eft_othpt":50,"part_inc_stated_1eft_othnw":39,"tot_tot":5607,"all_inc_ns_bnw":7,"all_inc_ns_1eft_othaw":0,"tot_lfsta_ns":412,"i_4000more_lfsta_ns":0,"tot_1ept_othaw":51,"sa3_name16":"Melbourne City","all_inc_ns_1eft_othnw":3,"part_inc_stated_1eft_othaw":7,"all_inc_ns_lfsta_ns":22,"all_inc_ns_1aw_othnw":3},"id":"sa3_g55b_tot_fam_inc_by_lbr_frc_sts_cpl_fam_wh_chld_census_2016.fid--2ea3ac96_163341f620f_3079"},{"type":"Feature","properties":{"tot_bnw":430,"part_inc_stated_lfsta_ns":471,"part_inc_stated_1ept_othnw":19,"part_inc_stated_1aw_othnw":5,"part_inc_stated_1ept_othaw":6,"all_inc_ns_tot":71,"part_inc_stated_bnw":48,"i_4000more_tot":2536,"all_inc_ns_be_wft":6,"tot_1eft_othnw":1458,"part_inc_stated_tot":855,"i_4000more_1aw_othnw":14,"part_inc_stated_be_baw":4,"tot_be_baw":59,"tot_1eft_othpt":2209,"i_4000more_bnw":33,"tot_be_wft":1622,"all_inc_ns_be_wpt":0,"sa3_code16":"20605","tot_1ept_othnw":310,"part_inc_stated_be_wpt":19,"all_inc_ns_be_baw":3,"tot_1aw_othnw":67,"tot_1eft_othaw":355,"part_inc_stated_be_wft":102,"all_inc_ns_1ept_othnw":0,"all_inc_ns_1eft_othpt":14,"tot_be_wpt":295,"all_inc_ns_1ept_othaw":4,"part_inc_stated_1eft_othpt":101,"part_inc_stated_1eft_othnw":64,"tot_tot":7379,"all_inc_ns_bnw":5,"all_inc_ns_1eft_othaw":0,"tot_lfsta_ns":500,"i_4000more_lfsta_ns":4,"tot_1ept_othaw":78,"sa3_name16":"Port Phillip","all_inc_ns_1eft_othnw":7,"part_inc_stated_1eft_othaw":9,"all_inc_ns_lfsta_ns":13,"all_inc_ns_1aw_othnw":3},"id":"sa3_g55b_tot_fam_inc_by_lbr_frc_sts_cpl_fam_wh_chld_census_2016.fid--2ea3ac96_163341f620f_307a"},{"type":"Feature","properties":{"tot_bnw":450,"part_inc_stated_lfsta_ns":469,"part_inc_stated_1ept_othnw":41,"part_inc_stated_1aw_othnw":6,"part_inc_stated_1ept_othaw":20,"all_inc_ns_tot":90,"part_inc_stated_bnw":64,"i_4000more_tot":1922,"all_inc_ns_be_wft":16,"tot_1eft_othnw":1660,"part_inc_stated_tot":1306,"i_4000more_1aw_othnw":9,"part_inc_stated_be_baw":12,"tot_be_baw":81,"tot_1eft_othpt":4006,"i_4000more_bnw":25,"tot_be_wft":2081,"all_inc_ns_be_wpt":0,"sa3_code16":"20903","tot_1ept_othnw":415,"part_inc_stated_be_wpt":45,"all_inc_ns_be_baw":0,"tot_1aw_othnw":74,"tot_1eft_othaw":335,"part_inc_stated_be_wft":196,"all_inc_ns_1ept_othnw":3,"all_inc_ns_1eft_othpt":32,"tot_be_wpt":425,"all_inc_ns_1ept_othaw":6,"part_inc_stated_1eft_othpt":322,"part_inc_stated_1eft_othnw":119,"tot_tot":10155,"all_inc_ns_bnw":3,"all_inc_ns_1eft_othaw":0,"tot_lfsta_ns":502,"i_4000more_lfsta_ns":0,"tot_1ept_othaw":125,"sa3_name16":"Nillumbik - Kinglake","all_inc_ns_1eft_othnw":9,"part_inc_stated_1eft_othaw":26,"all_inc_ns_lfsta_ns":17,"all_inc_ns_1aw_othnw":0},"id":"sa3_g55b_tot_fam_inc_by_lbr_frc_sts_cpl_fam_wh_chld_census_2016.fid--2ea3ac96_163341f620f_307b"},{"type":"Feature","properties":{"tot_bnw":3673,"part_inc_stated_lfsta_ns":1128,"part_inc_stated_1ept_othnw":128,"part_inc_stated_1aw_othnw":50,"part_inc_stated_1ept_othaw":20,"all_inc_ns_tot":388,"part_inc_stated_bnw":358,"i_4000more_tot":1625,"all_inc_ns_be_wft":44,"tot_1eft_othnw":6813,"part_inc_stated_tot":3096,"i_4000more_1aw_othnw":10,"part_inc_stated_be_baw":35,"tot_be_baw":288,"tot_1eft_othpt":8409,"i_4000more_bnw":44,"tot_be_wft":5533,"all_inc_ns_be_wpt":6,"sa3_code16":"20904","tot_1ept_othnw":1807,"part_inc_stated_be_wpt":82,"all_inc_ns_be_baw":36,"tot_1aw_othnw":459,"tot_1eft_othaw":1068,"part_inc_stated_be_wft":401,"all_inc_ns_1ept_othnw":14,"all_inc_ns_1eft_othpt":62,"tot_be_wpt":1118,"all_inc_ns_1ept_othaw":9,"part_inc_stated_1eft_othpt":453,"part_inc_stated_1eft_othnw":386,"tot_tot":30793,"all_inc_ns_bnw":57,"all_inc_ns_1eft_othaw":9,"tot_lfsta_ns":1323,"i_4000more_lfsta_ns":3,"tot_1ept_othaw":296,"sa3_name16":"Whittlesea - Wallan","all_inc_ns_1eft_othnw":41,"part_inc_stated_1eft_othaw":55,"all_inc_ns_lfsta_ns":101,"all_inc_ns_1aw_othnw":13},"id":"sa3_g55b_tot_fam_inc_by_lbr_frc_sts_cpl_fam_wh_chld_census_2016.fid--2ea3ac96_163341f620f_307c"},{"type":"Feature","properties":{"tot_bnw":823,"part_inc_stated_lfsta_ns":291,"part_inc_stated_1ept_othnw":48,"part_inc_stated_1aw_othnw":13,"part_inc_stated_1ept_othaw":4,"all_inc_ns_tot":93,"part_inc_stated_bnw":85,"i_4000more_tot":1224,"all_inc_ns_be_wft":5,"tot_1eft_othnw":1390,"part_inc_stated_tot":876,"i_4000more_1aw_othnw":5,"part_inc_stated_be_baw":12,"tot_be_baw":67,"tot_1eft_othpt":2600,"i_4000more_bnw":27,"tot_be_wft":1620,"all_inc_ns_be_wpt":0,"sa3_code16":"21001","tot_1ept_othnw":380,"part_inc_stated_be_wpt":26,"all_inc_ns_be_baw":5,"tot_1aw_othnw":88,"tot_1eft_othaw":281,"part_inc_stated_be_wft":127,"all_inc_ns_1ept_othnw":0,"all_inc_ns_1eft_othpt":17,"tot_be_wpt":246,"all_inc_ns_1ept_othaw":3,"part_inc_stated_1eft_othpt":154,"part_inc_stated_1eft_othnw":109,"tot_tot":7908,"all_inc_ns_bnw":17,"all_inc_ns_1eft_othaw":0,"tot_lfsta_ns":330,"i_4000more_lfsta_ns":0,"tot_1ept_othaw":76,"sa3_name16":"Keilor","all_inc_ns_1eft_othnw":7,"part_inc_stated_1eft_othaw":16,"all_inc_ns_lfsta_ns":29,"all_inc_ns_1aw_othnw":0},"id":"sa3_g55b_tot_fam_inc_by_lbr_frc_sts_cpl_fam_wh_chld_census_2016.fid--2ea3ac96_163341f620f_307d"},{"type":"Feature","properties":{"tot_bnw":177,"part_inc_stated_lfsta_ns":226,"part_inc_stated_1ept_othnw":27,"part_inc_stated_1aw_othnw":4,"part_inc_stated_1ept_othaw":8,"all_inc_ns_tot":34,"part_inc_stated_bnw":25,"i_4000more_tot":562,"all_inc_ns_be_wft":7,"tot_1eft_othnw":734,"part_inc_stated_tot":567,"i_4000more_1aw_othnw":4,"part_inc_stated_be_baw":8,"tot_be_baw":35,"tot_1eft_othpt":1475,"i_4000more_bnw":3,"tot_be_wft":848,"all_inc_ns_be_wpt":0,"sa3_code16":"21002","tot_1ept_othnw":179,"part_inc_stated_be_wpt":17,"all_inc_ns_be_baw":0,"tot_1aw_othnw":52,"tot_1eft_othaw":165,"part_inc_stated_be_wft":87,"all_inc_ns_1ept_othnw":3,"all_inc_ns_1eft_othpt":4,"tot_be_wpt":176,"all_inc_ns_1ept_othaw":3,"part_inc_stated_1eft_othpt":99,"part_inc_stated_1eft_othnw":54,"tot_tot":4148,"all_inc_ns_bnw":3,"all_inc_ns_1eft_othaw":3,"tot_lfsta_ns":248,"i_4000more_lfsta_ns":0,"tot_1ept_othaw":60,"sa3_name16":"Macedon Ranges","all_inc_ns_1eft_othnw":3,"part_inc_stated_1eft_othaw":10,"all_inc_ns_lfsta_ns":7,"all_inc_ns_1aw_othnw":0},"id":"sa3_g55b_tot_fam_inc_by_lbr_frc_sts_cpl_fam_wh_chld_census_2016.fid--2ea3ac96_163341f620f_307e"},{"type":"Feature","properties":{"tot_bnw":274,"part_inc_stated_lfsta_ns":302,"part_inc_stated_1ept_othnw":31,"part_inc_stated_1aw_othnw":5,"part_inc_stated_1ept_othaw":12,"all_inc_ns_tot":46,"part_inc_stated_bnw":23,"i_4000more_tot":2123,"all_inc_ns_be_wft":9,"tot_1eft_othnw":1080,"part_inc_stated_tot":679,"i_4000more_1aw_othnw":7,"part_inc_stated_be_baw":3,"tot_be_baw":27,"tot_1eft_othpt":1731,"i_4000more_bnw":40,"tot_be_wft":1131,"all_inc_ns_be_wpt":4,"sa3_code16":"20804","tot_1ept_othnw":204,"part_inc_stated_be_wpt":15,"all_inc_ns_be_baw":0,"tot_1aw_othnw":36,"tot_1eft_othaw":156,"part_inc_stated_be_wft":91,"all_inc_ns_1ept_othnw":3,"all_inc_ns_1eft_othpt":11,"tot_be_wpt":151,"all_inc_ns_1ept_othaw":0,"part_inc_stated_1eft_othpt":101,"part_inc_stated_1eft_othnw":96,"tot_tot":5141,"all_inc_ns_bnw":4,"all_inc_ns_1eft_othaw":0,"tot_lfsta_ns":314,"i_4000more_lfsta_ns":0,"tot_1ept_othaw":37,"sa3_name16":"Stonnington - East","all_inc_ns_1eft_othnw":5,"part_inc_stated_1eft_othaw":11,"all_inc_ns_lfsta_ns":8,"all_inc_ns_1aw_othnw":0},"id":"sa3_g55b_tot_fam_inc_by_lbr_frc_sts_cpl_fam_wh_chld_census_2016.fid--2ea3ac96_163341f620f_307f"},{"type":"Feature","properties":{"tot_bnw":1202,"part_inc_stated_lfsta_ns":694,"part_inc_stated_1ept_othnw":59,"part_inc_stated_1aw_othnw":18,"part_inc_stated_1ept_othaw":14,"all_inc_ns_tot":169,"part_inc_stated_bnw":138,"i_4000more_tot":2786,"all_inc_ns_be_wft":30,"tot_1eft_othnw":2965,"part_inc_stated_tot":1711,"i_4000more_1aw_othnw":13,"part_inc_stated_be_baw":17,"tot_be_baw":124,"tot_1eft_othpt":5676,"i_4000more_bnw":28,"tot_be_wft":2915,"all_inc_ns_be_wpt":6,"sa3_code16":"20901","tot_1ept_othnw":714,"part_inc_stated_be_wpt":47,"all_inc_ns_be_baw":13,"tot_1aw_othnw":148,"tot_1eft_othaw":608,"part_inc_stated_be_wft":207,"all_inc_ns_1ept_othnw":3,"all_inc_ns_1eft_othpt":36,"tot_be_wpt":644,"all_inc_ns_1ept_othaw":4,"part_inc_stated_1eft_othpt":313,"part_inc_stated_1eft_othnw":187,"tot_tot":15931,"all_inc_ns_bnw":18,"all_inc_ns_1eft_othaw":5,"tot_lfsta_ns":760,"i_4000more_lfsta_ns":0,"tot_1ept_othaw":172,"sa3_name16":"Banyule","all_inc_ns_1eft_othnw":8,"part_inc_stated_1eft_othaw":23,"all_inc_ns_lfsta_ns":34,"all_inc_ns_1aw_othnw":9},"id":"sa3_g55b_tot_fam_inc_by_lbr_frc_sts_cpl_fam_wh_chld_census_2016.fid--2ea3ac96_163341f620f_3080"},{"type":"Feature","properties":{"tot_bnw":1194,"part_inc_stated_lfsta_ns":358,"part_inc_stated_1ept_othnw":54,"part_inc_stated_1aw_othnw":16,"part_inc_stated_1ept_othaw":11,"all_inc_ns_tot":108,"part_inc_stated_bnw":111,"i_4000more_tot":700,"all_inc_ns_be_wft":3,"tot_1eft_othnw":2129,"part_inc_stated_tot":912,"i_4000more_1aw_othnw":3,"part_inc_stated_be_baw":8,"tot_be_baw":78,"tot_1eft_othpt":2285,"i_4000more_bnw":17,"tot_be_wft":1424,"all_inc_ns_be_wpt":0,"sa3_code16":"21003","tot_1ept_othnw":639,"part_inc_stated_be_wpt":20,"all_inc_ns_be_baw":5,"tot_1aw_othnw":155,"tot_1eft_othaw":299,"part_inc_stated_be_wft":86,"all_inc_ns_1ept_othnw":3,"all_inc_ns_1eft_othpt":11,"tot_be_wpt":343,"all_inc_ns_1ept_othaw":3,"part_inc_stated_1eft_othpt":117,"part_inc_stated_1eft_othnw":112,"tot_tot":9069,"all_inc_ns_bnw":16,"all_inc_ns_1eft_othaw":3,"tot_lfsta_ns":445,"i_4000more_lfsta_ns":0,"tot_1ept_othaw":83,"sa3_name16":"Moreland - North","all_inc_ns_1eft_othnw":11,"part_inc_stated_1eft_othaw":13,"all_inc_ns_lfsta_ns":41,"all_inc_ns_1aw_othnw":0},"id":"sa3_g55b_tot_fam_inc_by_lbr_frc_sts_cpl_fam_wh_chld_census_2016.fid--2ea3ac96_163341f620f_3081"},{"type":"Feature","properties":{"tot_bnw":337,"part_inc_stated_lfsta_ns":209,"part_inc_stated_1ept_othnw":23,"part_inc_stated_1aw_othnw":13,"part_inc_stated_1ept_othaw":9,"all_inc_ns_tot":62,"part_inc_stated_bnw":39,"i_4000more_tot":498,"all_inc_ns_be_wft":20,"tot_1eft_othnw":998,"part_inc_stated_tot":543,"i_4000more_1aw_othnw":3,"part_inc_stated_be_baw":0,"tot_be_baw":33,"tot_1eft_othpt":1798,"i_4000more_bnw":5,"tot_be_wft":1114,"all_inc_ns_be_wpt":0,"sa3_code16":"21004","tot_1ept_othnw":233,"part_inc_stated_be_wpt":13,"all_inc_ns_be_baw":7,"tot_1aw_othnw":54,"tot_1eft_othaw":203,"part_inc_stated_be_wft":102,"all_inc_ns_1ept_othnw":3,"all_inc_ns_1eft_othpt":13,"tot_be_wpt":179,"all_inc_ns_1ept_othaw":0,"part_inc_stated_1eft_othpt":92,"part_inc_stated_1eft_othnw":52,"tot_tot":5254,"all_inc_ns_bnw":3,"all_inc_ns_1eft_othaw":3,"tot_lfsta_ns":234,"i_4000more_lfsta_ns":0,"tot_1ept_othaw":67,"sa3_name16":"Sunbury","all_inc_ns_1eft_othnw":7,"part_inc_stated_1eft_othaw":8,"all_inc_ns_lfsta_ns":11,"all_inc_ns_1aw_othnw":0},"id":"sa3_g55b_tot_fam_inc_by_lbr_frc_sts_cpl_fam_wh_chld_census_2016.fid--2ea3ac96_163341f620f_3082"},{"type":"Feature","properties":{"tot_bnw":4517,"part_inc_stated_lfsta_ns":874,"part_inc_stated_1ept_othnw":145,"part_inc_stated_1aw_othnw":63,"part_inc_stated_1ept_othaw":15,"all_inc_ns_tot":319,"part_inc_stated_bnw":383,"i_4000more_tot":1031,"all_inc_ns_be_wft":19,"tot_1eft_othnw":5273,"part_inc_stated_tot":2369,"i_4000more_1aw_othnw":8,"part_inc_stated_be_baw":31,"tot_be_baw":171,"tot_1eft_othpt":4474,"i_4000more_bnw":45,"tot_be_wft":3603,"all_inc_ns_be_wpt":10,"sa3_code16":"21005","tot_1ept_othnw":1994,"part_inc_stated_be_wpt":53,"all_inc_ns_be_baw":14,"tot_1aw_othnw":415,"tot_1eft_othaw":546,"part_inc_stated_be_wft":232,"all_inc_ns_1ept_othnw":6,"all_inc_ns_1eft_othpt":20,"tot_be_wpt":713,"all_inc_ns_1ept_othaw":4,"part_inc_stated_1eft_othpt":235,"part_inc_stated_1eft_othnw":298,"tot_tot":23002,"all_inc_ns_bnw":77,"all_inc_ns_1eft_othaw":5,"tot_lfsta_ns":1112,"i_4000more_lfsta_ns":3,"tot_1ept_othaw":186,"sa3_name16":"Tullamarine - Broadmeadows","all_inc_ns_1eft_othnw":17,"part_inc_stated_1eft_othaw":35,"all_inc_ns_lfsta_ns":133,"all_inc_ns_1aw_othnw":20},"id":"sa3_g55b_tot_fam_inc_by_lbr_frc_sts_cpl_fam_wh_chld_census_2016.fid--2ea3ac96_163341f620f_3083"},{"type":"Feature","properties":{"tot_bnw":1615,"part_inc_stated_lfsta_ns":877,"part_inc_stated_1ept_othnw":87,"part_inc_stated_1aw_othnw":26,"part_inc_stated_1ept_othaw":21,"all_inc_ns_tot":205,"part_inc_stated_bnw":166,"i_4000more_tot":2212,"all_inc_ns_be_wft":31,"tot_1eft_othnw":4291,"part_inc_stated_tot":2352,"i_4000more_1aw_othnw":13,"part_inc_stated_be_baw":17,"tot_be_baw":137,"tot_1eft_othpt":6994,"i_4000more_bnw":51,"tot_be_wft":4483,"all_inc_ns_be_wpt":6,"sa3_code16":"21101","tot_1ept_othnw":1155,"part_inc_stated_be_wpt":60,"all_inc_ns_be_baw":12,"tot_1aw_othnw":225,"tot_1eft_othaw":752,"part_inc_stated_be_wft":362,"all_inc_ns_1ept_othnw":6,"all_inc_ns_1eft_othpt":51,"tot_be_wpt":815,"all_inc_ns_1ept_othaw":5,"part_inc_stated_1eft_othpt":442,"part_inc_stated_1eft_othnw":250,"tot_tot":21619,"all_inc_ns_bnw":24,"all_inc_ns_1eft_othaw":4,"tot_lfsta_ns":955,"i_4000more_lfsta_ns":3,"tot_1ept_othaw":194,"sa3_name16":"Knox","all_inc_ns_1eft_othnw":11,"part_inc_stated_1eft_othaw":44,"all_inc_ns_lfsta_ns":46,"all_inc_ns_1aw_othnw":13},"id":"sa3_g55b_tot_fam_inc_by_lbr_frc_sts_cpl_fam_wh_chld_census_2016.fid--2ea3ac96_163341f620f_3084"},{"type":"Feature","properties":{"tot_bnw":265,"part_inc_stated_lfsta_ns":226,"part_inc_stated_1ept_othnw":17,"part_inc_stated_1aw_othnw":3,"part_inc_stated_1ept_othaw":7,"all_inc_ns_tot":62,"part_inc_stated_bnw":27,"i_4000more_tot":1044,"all_inc_ns_be_wft":5,"tot_1eft_othnw":744,"part_inc_stated_tot":559,"i_4000more_1aw_othnw":5,"part_inc_stated_be_baw":4,"tot_be_baw":34,"tot_1eft_othpt":1448,"i_4000more_bnw":21,"tot_be_wft":766,"all_inc_ns_be_wpt":0,"sa3_code16":"21102","tot_1ept_othnw":165,"part_inc_stated_be_wpt":13,"all_inc_ns_be_baw":7,"tot_1aw_othnw":29,"tot_1eft_othaw":105,"part_inc_stated_be_wft":80,"all_inc_ns_1ept_othnw":0,"all_inc_ns_1eft_othpt":19,"tot_be_wpt":171,"all_inc_ns_1ept_othaw":0,"part_inc_stated_1eft_othpt":111,"part_inc_stated_1eft_othnw":55,"tot_tot":3997,"all_inc_ns_bnw":3,"all_inc_ns_1eft_othaw":3,"tot_lfsta_ns":241,"i_4000more_lfsta_ns":0,"tot_1ept_othaw":31,"sa3_name16":"Manningham - East","all_inc_ns_1eft_othnw":10,"part_inc_stated_1eft_othaw":8,"all_inc_ns_lfsta_ns":9,"all_inc_ns_1aw_othnw":3},"id":"sa3_g55b_tot_fam_inc_by_lbr_frc_sts_cpl_fam_wh_chld_census_2016.fid--2ea3ac96_163341f620f_3085"},{"type":"Feature","properties":{"tot_bnw":962,"part_inc_stated_lfsta_ns":554,"part_inc_stated_1ept_othnw":54,"part_inc_stated_1aw_othnw":7,"part_inc_stated_1ept_othaw":19,"all_inc_ns_tot":108,"part_inc_stated_bnw":76,"i_4000more_tot":1649,"all_inc_ns_be_wft":18,"tot_1eft_othnw":2731,"part_inc_stated_tot":1464,"i_4000more_1aw_othnw":6,"part_inc_stated_be_baw":7,"tot_be_baw":95,"tot_1eft_othpt":5253,"i_4000more_bnw":8,"tot_be_wft":2671,"all_inc_ns_be_wpt":3,"sa3_code16":"21103","tot_1ept_othnw":657,"part_inc_stated_be_wpt":45,"all_inc_ns_be_baw":10,"tot_1aw_othnw":109,"tot_1eft_othaw":587,"part_inc_stated_be_wft":206,"all_inc_ns_1ept_othnw":0,"all_inc_ns_1eft_othpt":21,"tot_be_wpt":541,"all_inc_ns_1ept_othaw":0,"part_inc_stated_1eft_othpt":309,"part_inc_stated_1eft_othnw":146,"tot_tot":14363,"all_inc_ns_bnw":11,"all_inc_ns_1eft_othaw":7,"tot_lfsta_ns":597,"i_4000more_lfsta_ns":3,"tot_1ept_othaw":159,"sa3_name16":"Maroondah","all_inc_ns_1eft_othnw":8,"part_inc_stated_1eft_othaw":28,"all_inc_ns_lfsta_ns":25,"all_inc_ns_1aw_othnw":3},"id":"sa3_g55b_tot_fam_inc_by_lbr_frc_sts_cpl_fam_wh_chld_census_2016.fid--2ea3ac96_163341f620f_3086"},{"type":"Feature","properties":{"tot_bnw":665,"part_inc_stated_lfsta_ns":397,"part_inc_stated_1ept_othnw":24,"part_inc_stated_1aw_othnw":9,"part_inc_stated_1ept_othaw":3,"all_inc_ns_tot":77,"part_inc_stated_bnw":67,"i_4000more_tot":1169,"all_inc_ns_be_wft":13,"tot_1eft_othnw":1693,"part_inc_stated_tot":839,"i_4000more_1aw_othnw":6,"part_inc_stated_be_baw":7,"tot_be_baw":51,"tot_1eft_othpt":2672,"i_4000more_bnw":21,"tot_be_wft":1636,"all_inc_ns_be_wpt":0,"sa3_code16":"21104","tot_1ept_othnw":442,"part_inc_stated_be_wpt":28,"all_inc_ns_be_baw":4,"tot_1aw_othnw":64,"tot_1eft_othaw":252,"part_inc_stated_be_wft":84,"all_inc_ns_1ept_othnw":0,"all_inc_ns_1eft_othpt":20,"tot_be_wpt":373,"all_inc_ns_1ept_othaw":4,"part_inc_stated_1eft_othpt":134,"part_inc_stated_1eft_othnw":79,"tot_tot":8346,"all_inc_ns_bnw":11,"all_inc_ns_1eft_othaw":3,"tot_lfsta_ns":422,"i_4000more_lfsta_ns":0,"tot_1ept_othaw":72,"sa3_name16":"Whitehorse - East","all_inc_ns_1eft_othnw":10,"part_inc_stated_1eft_othaw":13,"all_inc_ns_lfsta_ns":15,"all_inc_ns_1aw_othnw":0},"id":"sa3_g55b_tot_fam_inc_by_lbr_frc_sts_cpl_fam_wh_chld_census_2016.fid--2ea3ac96_163341f620f_3087"},{"type":"Feature","properties":{"tot_bnw":1128,"part_inc_stated_lfsta_ns":803,"part_inc_stated_1ept_othnw":85,"part_inc_stated_1aw_othnw":27,"part_inc_stated_1ept_othaw":24,"all_inc_ns_tot":273,"part_inc_stated_bnw":126,"i_4000more_tot":1655,"all_inc_ns_be_wft":43,"tot_1eft_othnw":3585,"part_inc_stated_tot":2356,"i_4000more_1aw_othnw":10,"part_inc_stated_be_baw":24,"tot_be_baw":219,"tot_1eft_othpt":7201,"i_4000more_bnw":29,"tot_be_wft":3529,"all_inc_ns_be_wpt":8,"sa3_code16":"21105","tot_1ept_othnw":865,"part_inc_stated_be_wpt":78,"all_inc_ns_be_baw":36,"tot_1aw_othnw":216,"tot_1eft_othaw":705,"part_inc_stated_be_wft":359,"all_inc_ns_1ept_othnw":8,"all_inc_ns_1eft_othpt":64,"tot_be_wpt":824,"all_inc_ns_1ept_othaw":5,"part_inc_stated_1eft_othpt":580,"part_inc_stated_1eft_othnw":220,"tot_tot":19396,"all_inc_ns_bnw":15,"all_inc_ns_1eft_othaw":4,"tot_lfsta_ns":897,"i_4000more_lfsta_ns":0,"tot_1ept_othaw":236,"sa3_name16":"Yarra Ranges","all_inc_ns_1eft_othnw":34,"part_inc_stated_1eft_othaw":39,"all_inc_ns_lfsta_ns":50,"all_inc_ns_1aw_othnw":9},"id":"sa3_g55b_tot_fam_inc_by_lbr_frc_sts_cpl_fam_wh_chld_census_2016.fid--2ea3ac96_163341f620f_3088"},{"type":"Feature","properties":{"tot_bnw":698,"part_inc_stated_lfsta_ns":494,"part_inc_stated_1ept_othnw":32,"part_inc_stated_1aw_othnw":16,"part_inc_stated_1ept_othaw":7,"all_inc_ns_tot":132,"part_inc_stated_bnw":77,"i_4000more_tot":845,"all_inc_ns_be_wft":22,"tot_1eft_othnw":2694,"part_inc_stated_tot":1366,"i_4000more_1aw_othnw":6,"part_inc_stated_be_baw":19,"tot_be_baw":120,"tot_1eft_othpt":4379,"i_4000more_bnw":10,"tot_be_wft":2524,"all_inc_ns_be_wpt":4,"sa3_code16":"21201","tot_1ept_othnw":542,"part_inc_stated_be_wpt":33,"all_inc_ns_be_baw":11,"tot_1aw_othnw":154,"tot_1eft_othaw":457,"part_inc_stated_be_wft":219,"all_inc_ns_1ept_othnw":4,"all_inc_ns_1eft_othpt":31,"tot_be_wpt":444,"all_inc_ns_1ept_othaw":0,"part_inc_stated_1eft_othpt":290,"part_inc_stated_1eft_othnw":151,"tot_tot":12707,"all_inc_ns_bnw":12,"all_inc_ns_1eft_othaw":3,"tot_lfsta_ns":570,"i_4000more_lfsta_ns":0,"tot_1ept_othaw":133,"sa3_name16":"Cardinia","all_inc_ns_1eft_othnw":10,"part_inc_stated_1eft_othaw":28,"all_inc_ns_lfsta_ns":34,"all_inc_ns_1aw_othnw":5},"id":"sa3_g55b_tot_fam_inc_by_lbr_frc_sts_cpl_fam_wh_chld_census_2016.fid--2ea3ac96_163341f620f_3089"},{"type":"Feature","properties":{"tot_bnw":1847,"part_inc_stated_lfsta_ns":784,"part_inc_stated_1ept_othnw":75,"part_inc_stated_1aw_othnw":42,"part_inc_stated_1ept_othaw":20,"all_inc_ns_tot":205,"part_inc_stated_bnw":189,"i_4000more_tot":1519,"all_inc_ns_be_wft":25,"tot_1eft_othnw":4268,"part_inc_stated_tot":2080,"i_4000more_1aw_othnw":7,"part_inc_stated_be_baw":14,"tot_be_baw":150,"tot_1eft_othpt":5385,"i_4000more_bnw":29,"tot_be_wft":3759,"all_inc_ns_be_wpt":3,"sa3_code16":"21202","tot_1ept_othnw":1118,"part_inc_stated_be_wpt":52,"all_inc_ns_be_baw":16,"tot_1aw_othnw":244,"tot_1eft_othaw":515,"part_inc_stated_be_wft":321,"all_inc_ns_1ept_othnw":7,"all_inc_ns_1eft_othpt":23,"tot_be_wpt":675,"all_inc_ns_1ept_othaw":0,"part_inc_stated_1eft_othpt":315,"part_inc_stated_1eft_othnw":240,"tot_tot":19004,"all_inc_ns_bnw":21,"all_inc_ns_1eft_othaw":11,"tot_lfsta_ns":886,"i_4000more_lfsta_ns":3,"tot_1ept_othaw":156,"sa3_name16":"Casey - North","all_inc_ns_1eft_othnw":29,"part_inc_stated_1eft_othaw":37,"all_inc_ns_lfsta_ns":54,"all_inc_ns_1aw_othnw":9},"id":"sa3_g55b_tot_fam_inc_by_lbr_frc_sts_cpl_fam_wh_chld_census_2016.fid--2ea3ac96_163341f620f_308a"},{"type":"Feature","properties":{"tot_bnw":1895,"part_inc_stated_lfsta_ns":901,"part_inc_stated_1ept_othnw":66,"part_inc_stated_1aw_othnw":39,"part_inc_stated_1ept_othaw":27,"all_inc_ns_tot":240,"part_inc_stated_bnw":177,"i_4000more_tot":1117,"all_inc_ns_be_wft":15,"tot_1eft_othnw":5963,"part_inc_stated_tot":2420,"i_4000more_1aw_othnw":3,"part_inc_stated_be_baw":29,"tot_be_baw":209,"tot_1eft_othpt":6852,"i_4000more_bnw":19,"tot_be_wft":5574,"all_inc_ns_be_wpt":5,"sa3_code16":"21203","tot_1ept_othnw":1425,"part_inc_stated_be_wpt":44,"all_inc_ns_be_baw":21,"tot_1aw_othnw":328,"tot_1eft_othaw":806,"part_inc_stated_be_wft":393,"all_inc_ns_1ept_othnw":5,"all_inc_ns_1eft_othpt":39,"tot_be_wpt":889,"all_inc_ns_1ept_othaw":3,"part_inc_stated_1eft_othpt":355,"part_inc_stated_1eft_othnw":343,"tot_tot":25253,"all_inc_ns_bnw":20,"all_inc_ns_1eft_othaw":7,"tot_lfsta_ns":1060,"i_4000more_lfsta_ns":0,"tot_1ept_othaw":246,"sa3_name16":"Casey - South","all_inc_ns_1eft_othnw":24,"part_inc_stated_1eft_othaw":44,"all_inc_ns_lfsta_ns":92,"all_inc_ns_1aw_othnw":13},"id":"sa3_g55b_tot_fam_inc_by_lbr_frc_sts_cpl_fam_wh_chld_census_2016.fid--2ea3ac96_163341f620f_308b"},{"type":"Feature","properties":{"tot_bnw":4261,"part_inc_stated_lfsta_ns":901,"part_inc_stated_1ept_othnw":125,"part_inc_stated_1aw_othnw":39,"part_inc_stated_1ept_othaw":13,"all_inc_ns_tot":274,"part_inc_stated_bnw":394,"i_4000more_tot":1029,"all_inc_ns_be_wft":21,"tot_1eft_othnw":5447,"part_inc_stated_tot":2345,"i_4000more_1aw_othnw":3,"part_inc_stated_be_baw":25,"tot_be_baw":184,"tot_1eft_othpt":4369,"i_4000more_bnw":62,"tot_be_wft":4386,"all_inc_ns_be_wpt":11,"sa3_code16":"21204","tot_1ept_othnw":1890,"part_inc_stated_be_wpt":43,"all_inc_ns_be_baw":26,"tot_1aw_othnw":363,"tot_1eft_othaw":477,"part_inc_stated_be_wft":235,"all_inc_ns_1ept_othnw":3,"all_inc_ns_1eft_othpt":26,"tot_be_wpt":924,"all_inc_ns_1ept_othaw":0,"part_inc_stated_1eft_othpt":249,"part_inc_stated_1eft_othnw":291,"tot_tot":23552,"all_inc_ns_bnw":45,"all_inc_ns_1eft_othaw":7,"tot_lfsta_ns":1085,"i_4000more_lfsta_ns":3,"tot_1ept_othaw":156,"sa3_name16":"Dandenong","all_inc_ns_1eft_othnw":23,"part_inc_stated_1eft_othaw":21,"all_inc_ns_lfsta_ns":104,"all_inc_ns_1aw_othnw":12},"id":"sa3_g55b_tot_fam_inc_by_lbr_frc_sts_cpl_fam_wh_chld_census_2016.fid--2ea3ac96_163341f620f_308c"},{"type":"Feature","properties":{"tot_bnw":2286,"part_inc_stated_lfsta_ns":1220,"part_inc_stated_1ept_othnw":82,"part_inc_stated_1aw_othnw":25,"part_inc_stated_1ept_othaw":12,"all_inc_ns_tot":158,"part_inc_stated_bnw":235,"i_4000more_tot":3350,"all_inc_ns_be_wft":23,"tot_1eft_othnw":4633,"part_inc_stated_tot":2540,"i_4000more_1aw_othnw":9,"part_inc_stated_be_baw":20,"tot_be_baw":148,"tot_1eft_othpt":6008,"i_4000more_bnw":77,"tot_be_wft":4923,"all_inc_ns_be_wpt":0,"sa3_code16":"21205","tot_1ept_othnw":1323,"part_inc_stated_be_wpt":83,"all_inc_ns_be_baw":10,"tot_1aw_othnw":210,"tot_1eft_othaw":585,"part_inc_stated_be_wft":310,"all_inc_ns_1ept_othnw":9,"all_inc_ns_1eft_othpt":37,"tot_be_wpt":995,"all_inc_ns_1ept_othaw":3,"part_inc_stated_1eft_othpt":305,"part_inc_stated_1eft_othnw":218,"tot_tot":22576,"all_inc_ns_bnw":12,"all_inc_ns_1eft_othaw":3,"tot_lfsta_ns":1300,"i_4000more_lfsta_ns":3,"tot_1ept_othaw":158,"sa3_name16":"Monash","all_inc_ns_1eft_othnw":11,"part_inc_stated_1eft_othaw":27,"all_inc_ns_lfsta_ns":45,"all_inc_ns_1aw_othnw":3},"id":"sa3_g55b_tot_fam_inc_by_lbr_frc_sts_cpl_fam_wh_chld_census_2016.fid--2ea3ac96_163341f620f_308d"},{"type":"Feature","properties":{"tot_bnw":4180,"part_inc_stated_lfsta_ns":890,"part_inc_stated_1ept_othnw":151,"part_inc_stated_1aw_othnw":61,"part_inc_stated_1ept_othaw":20,"all_inc_ns_tot":351,"part_inc_stated_bnw":444,"i_4000more_tot":1102,"all_inc_ns_be_wft":19,"tot_1eft_othnw":5411,"part_inc_stated_tot":2609,"i_4000more_1aw_othnw":8,"part_inc_stated_be_baw":48,"tot_be_baw":223,"tot_1eft_othpt":4713,"i_4000more_bnw":63,"tot_be_wft":4014,"all_inc_ns_be_wpt":7,"sa3_code16":"21301","tot_1ept_othnw":1966,"part_inc_stated_be_wpt":67,"all_inc_ns_be_baw":24,"tot_1aw_othnw":449,"tot_1eft_othaw":582,"part_inc_stated_be_wft":253,"all_inc_ns_1ept_othnw":10,"all_inc_ns_1eft_othpt":32,"tot_be_wpt":939,"all_inc_ns_1ept_othaw":7,"part_inc_stated_1eft_othpt":283,"part_inc_stated_1eft_othnw":336,"tot_tot":23797,"all_inc_ns_bnw":76,"all_inc_ns_1eft_othaw":3,"tot_lfsta_ns":1132,"i_4000more_lfsta_ns":0,"tot_1ept_othaw":186,"sa3_name16":"Brimbank","all_inc_ns_1eft_othnw":21,"part_inc_stated_1eft_othaw":53,"all_inc_ns_lfsta_ns":147,"all_inc_ns_1aw_othnw":14},"id":"sa3_g55b_tot_fam_inc_by_lbr_frc_sts_cpl_fam_wh_chld_census_2016.fid--2ea3ac96_163341f620f_308e"},{"type":"Feature","properties":{"tot_bnw":1022,"part_inc_stated_lfsta_ns":494,"part_inc_stated_1ept_othnw":48,"part_inc_stated_1aw_othnw":9,"part_inc_stated_1ept_othaw":4,"all_inc_ns_tot":120,"part_inc_stated_bnw":115,"i_4000more_tot":1809,"all_inc_ns_be_wft":16,"tot_1eft_othnw":2145,"part_inc_stated_tot":1178,"i_4000more_1aw_othnw":8,"part_inc_stated_be_baw":14,"tot_be_baw":91,"tot_1eft_othpt":3252,"i_4000more_bnw":18,"tot_be_wft":2167,"all_inc_ns_be_wpt":0,"sa3_code16":"21302","tot_1ept_othnw":555,"part_inc_stated_be_wpt":23,"all_inc_ns_be_baw":5,"tot_1aw_othnw":123,"tot_1eft_othaw":394,"part_inc_stated_be_wft":161,"all_inc_ns_1ept_othnw":5,"all_inc_ns_1eft_othpt":19,"tot_be_wpt":362,"all_inc_ns_1ept_othaw":0,"part_inc_stated_1eft_othpt":172,"part_inc_stated_1eft_othnw":110,"tot_tot":10774,"all_inc_ns_bnw":17,"all_inc_ns_1eft_othaw":4,"tot_lfsta_ns":553,"i_4000more_lfsta_ns":0,"tot_1ept_othaw":108,"sa3_name16":"Hobsons Bay","all_inc_ns_1eft_othnw":13,"part_inc_stated_1eft_othaw":15,"all_inc_ns_lfsta_ns":33,"all_inc_ns_1aw_othnw":3},"id":"sa3_g55b_tot_fam_inc_by_lbr_frc_sts_cpl_fam_wh_chld_census_2016.fid--2ea3ac96_163341f620f_308f"},{"type":"Feature","properties":{"tot_bnw":899,"part_inc_stated_lfsta_ns":362,"part_inc_stated_1ept_othnw":29,"part_inc_stated_1aw_othnw":13,"part_inc_stated_1ept_othaw":3,"all_inc_ns_tot":66,"part_inc_stated_bnw":79,"i_4000more_tot":1272,"all_inc_ns_be_wft":3,"tot_1eft_othnw":1744,"part_inc_stated_tot":736,"i_4000more_1aw_othnw":12,"part_inc_stated_be_baw":8,"tot_be_baw":64,"tot_1eft_othpt":2364,"i_4000more_bnw":25,"tot_be_wft":1688,"all_inc_ns_be_wpt":0,"sa3_code16":"21303","tot_1ept_othnw":553,"part_inc_stated_be_wpt":8,"all_inc_ns_be_baw":5,"tot_1aw_othnw":106,"tot_1eft_othaw":381,"part_inc_stated_be_wft":76,"all_inc_ns_1ept_othnw":3,"all_inc_ns_1eft_othpt":8,"tot_be_wpt":369,"all_inc_ns_1ept_othaw":0,"part_inc_stated_1eft_othpt":82,"part_inc_stated_1eft_othnw":66,"tot_tot":8661,"all_inc_ns_bnw":10,"all_inc_ns_1eft_othaw":3,"tot_lfsta_ns":405,"i_4000more_lfsta_ns":0,"tot_1ept_othaw":85,"sa3_name16":"Maribyrnong","all_inc_ns_1eft_othnw":8,"part_inc_stated_1eft_othaw":12,"all_inc_ns_lfsta_ns":21,"all_inc_ns_1aw_othnw":3},"id":"sa3_g55b_tot_fam_inc_by_lbr_frc_sts_cpl_fam_wh_chld_census_2016.fid--2ea3ac96_163341f620f_3090"},{"type":"Feature","properties":{"tot_bnw":1806,"part_inc_stated_lfsta_ns":765,"part_inc_stated_1ept_othnw":95,"part_inc_stated_1aw_othnw":40,"part_inc_stated_1ept_othaw":25,"all_inc_ns_tot":261,"part_inc_stated_bnw":167,"i_4000more_tot":1392,"all_inc_ns_be_wft":40,"tot_1eft_othnw":4961,"part_inc_stated_tot":2107,"i_4000more_1aw_othnw":3,"part_inc_stated_be_baw":28,"tot_be_baw":204,"tot_1eft_othpt":5992,"i_4000more_bnw":30,"tot_be_wft":4694,"all_inc_ns_be_wpt":7,"sa3_code16":"21304","tot_1ept_othnw":1147,"part_inc_stated_be_wpt":59,"all_inc_ns_be_baw":15,"tot_1aw_othnw":331,"tot_1eft_othaw":732,"part_inc_stated_be_wft":330,"all_inc_ns_1ept_othnw":9,"all_inc_ns_1eft_othpt":33,"tot_be_wpt":689,"all_inc_ns_1ept_othaw":4,"part_inc_stated_1eft_othpt":323,"part_inc_stated_1eft_othnw":253,"tot_tot":21678,"all_inc_ns_bnw":39,"all_inc_ns_1eft_othaw":3,"tot_lfsta_ns":908,"i_4000more_lfsta_ns":0,"tot_1ept_othaw":205,"sa3_name16":"Melton - Bacchus Marsh","all_inc_ns_1eft_othnw":21,"part_inc_stated_1eft_othaw":27,"all_inc_ns_lfsta_ns":82,"all_inc_ns_1aw_othnw":14},"id":"sa3_g55b_tot_fam_inc_by_lbr_frc_sts_cpl_fam_wh_chld_census_2016.fid--2ea3ac96_163341f620f_3091"},{"type":"Feature","properties":{"tot_bnw":2643,"part_inc_stated_lfsta_ns":1309,"part_inc_stated_1ept_othnw":109,"part_inc_stated_1aw_othnw":51,"part_inc_stated_1ept_othaw":21,"all_inc_ns_tot":315,"part_inc_stated_bnw":209,"i_4000more_tot":2237,"all_inc_ns_be_wft":42,"tot_1eft_othnw":8591,"part_inc_stated_tot":2964,"i_4000more_1aw_othnw":16,"part_inc_stated_be_baw":29,"tot_be_baw":260,"tot_1eft_othpt":7923,"i_4000more_bnw":35,"tot_be_wft":7250,"all_inc_ns_be_wpt":3,"sa3_code16":"21305","tot_1ept_othnw":1917,"part_inc_stated_be_wpt":69,"all_inc_ns_be_baw":25,"tot_1aw_othnw":473,"tot_1eft_othaw":1052,"part_inc_stated_be_wft":401,"all_inc_ns_1ept_othnw":4,"all_inc_ns_1eft_othpt":42,"tot_be_wpt":1080,"all_inc_ns_1ept_othaw":3,"part_inc_stated_1eft_othpt":366,"part_inc_stated_1eft_othnw":337,"tot_tot":32996,"all_inc_ns_bnw":42,"all_inc_ns_1eft_othaw":8,"tot_lfsta_ns":1517,"i_4000more_lfsta_ns":4,"tot_1ept_othaw":277,"sa3_name16":"Wyndham","all_inc_ns_1eft_othnw":26,"part_inc_stated_1eft_othaw":53,"all_inc_ns_lfsta_ns":111,"all_inc_ns_1aw_othnw":18},"id":"sa3_g55b_tot_fam_inc_by_lbr_frc_sts_cpl_fam_wh_chld_census_2016.fid--2ea3ac96_163341f620f_3092"},{"type":"Feature","properties":{"tot_bnw":1122,"part_inc_stated_lfsta_ns":652,"part_inc_stated_1ept_othnw":70,"part_inc_stated_1aw_othnw":29,"part_inc_stated_1ept_othaw":17,"all_inc_ns_tot":190,"part_inc_stated_bnw":118,"i_4000more_tot":1123,"all_inc_ns_be_wft":25,"tot_1eft_othnw":3156,"part_inc_stated_tot":1735,"i_4000more_1aw_othnw":4,"part_inc_stated_be_baw":15,"tot_be_baw":143,"tot_1eft_othpt":5294,"i_4000more_bnw":23,"tot_be_wft":2962,"all_inc_ns_be_wpt":3,"sa3_code16":"21401","tot_1ept_othnw":724,"part_inc_stated_be_wpt":46,"all_inc_ns_be_baw":12,"tot_1aw_othnw":175,"tot_1eft_othaw":562,"part_inc_stated_be_wft":266,"all_inc_ns_1ept_othnw":8,"all_inc_ns_1eft_othpt":35,"tot_be_wpt":567,"all_inc_ns_1ept_othaw":3,"part_inc_stated_1eft_othpt":302,"part_inc_stated_1eft_othnw":189,"tot_tot":15607,"all_inc_ns_bnw":22,"all_inc_ns_1eft_othaw":3,"tot_lfsta_ns":726,"i_4000more_lfsta_ns":0,"tot_1ept_othaw":170,"sa3_name16":"Frankston","all_inc_ns_1eft_othnw":21,"part_inc_stated_1eft_othaw":31,"all_inc_ns_lfsta_ns":43,"all_inc_ns_1aw_othnw":11},"id":"sa3_g55b_tot_fam_inc_by_lbr_frc_sts_cpl_fam_wh_chld_census_2016.fid--2ea3ac96_163341f620f_3093"},{"type":"Feature","properties":{"tot_bnw":1074,"part_inc_stated_lfsta_ns":775,"part_inc_stated_1ept_othnw":98,"part_inc_stated_1aw_othnw":30,"part_inc_stated_1ept_othaw":23,"all_inc_ns_tot":193,"part_inc_stated_bnw":120,"i_4000more_tot":1949,"all_inc_ns_be_wft":29,"tot_1eft_othnw":2948,"part_inc_stated_tot":2218,"i_4000more_1aw_othnw":12,"part_inc_stated_be_baw":14,"tot_be_baw":158,"tot_1eft_othpt":6398,"i_4000more_bnw":29,"tot_be_wft":3097,"all_inc_ns_be_wpt":5,"sa3_code16":"21402","tot_1ept_othnw":849,"part_inc_stated_be_wpt":99,"all_inc_ns_be_baw":18,"tot_1aw_othnw":182,"tot_1eft_othaw":514,"part_inc_stated_be_wft":331,"all_inc_ns_1ept_othnw":5,"all_inc_ns_1eft_othpt":55,"tot_be_wpt":826,"all_inc_ns_1ept_othaw":8,"part_inc_stated_1eft_othpt":506,"part_inc_stated_1eft_othnw":195,"tot_tot":17072,"all_inc_ns_bnw":14,"all_inc_ns_1eft_othaw":5,"tot_lfsta_ns":842,"i_4000more_lfsta_ns":9,"tot_1ept_othaw":180,"sa3_name16":"Mornington Peninsula","all_inc_ns_1eft_othnw":17,"part_inc_stated_1eft_othaw":41,"all_inc_ns_lfsta_ns":37,"all_inc_ns_1aw_othnw":5},"id":"sa3_g55b_tot_fam_inc_by_lbr_frc_sts_cpl_fam_wh_chld_census_2016.fid--2ea3ac96_163341f620f_3094"},{"type":"Feature","properties":{"tot_bnw":322,"part_inc_stated_lfsta_ns":293,"part_inc_stated_1ept_othnw":22,"part_inc_stated_1aw_othnw":5,"part_inc_stated_1ept_othaw":5,"all_inc_ns_tot":48,"part_inc_stated_bnw":41,"i_4000more_tot":1534,"all_inc_ns_be_wft":8,"tot_1eft_othnw":964,"part_inc_stated_tot":610,"i_4000more_1aw_othnw":15,"part_inc_stated_be_baw":7,"tot_be_baw":25,"tot_1eft_othpt":1101,"i_4000more_bnw":46,"tot_be_wft":801,"all_inc_ns_be_wpt":0,"sa3_code16":"20606","tot_1ept_othnw":223,"part_inc_stated_be_wpt":16,"all_inc_ns_be_baw":3,"tot_1aw_othnw":48,"tot_1eft_othaw":168,"part_inc_stated_be_wft":67,"all_inc_ns_1ept_othnw":0,"all_inc_ns_1eft_othpt":5,"tot_be_wpt":146,"all_inc_ns_1ept_othaw":0,"part_inc_stated_1eft_othpt":73,"part_inc_stated_1eft_othnw":73,"tot_tot":4135,"all_inc_ns_bnw":5,"all_inc_ns_1eft_othaw":0,"tot_lfsta_ns":314,"i_4000more_lfsta_ns":5,"tot_1ept_othaw":36,"sa3_name16":"Stonnington - West","all_inc_ns_1eft_othnw":6,"part_inc_stated_1eft_othaw":7,"all_inc_ns_lfsta_ns":11,"all_inc_ns_1aw_othnw":3},"id":"sa3_g55b_tot_fam_inc_by_lbr_frc_sts_cpl_fam_wh_chld_census_2016.fid--2ea3ac96_163341f620f_3095"},{"type":"Feature","properties":{"tot_bnw":571,"part_inc_stated_lfsta_ns":300,"part_inc_stated_1ept_othnw":26,"part_inc_stated_1aw_othnw":3,"part_inc_stated_1ept_othaw":8,"all_inc_ns_tot":55,"part_inc_stated_bnw":52,"i_4000more_tot":1881,"all_inc_ns_be_wft":3,"tot_1eft_othnw":945,"part_inc_stated_tot":645,"i_4000more_1aw_othnw":8,"part_inc_stated_be_baw":3,"tot_be_baw":57,"tot_1eft_othpt":1800,"i_4000more_bnw":29,"tot_be_wft":1326,"all_inc_ns_be_wpt":0,"sa3_code16":"20607","tot_1ept_othnw":292,"part_inc_stated_be_wpt":12,"all_inc_ns_be_baw":7,"tot_1aw_othnw":69,"tot_1eft_othaw":296,"part_inc_stated_be_wft":84,"all_inc_ns_1ept_othnw":3,"all_inc_ns_1eft_othpt":11,"tot_be_wpt":272,"all_inc_ns_1ept_othaw":0,"part_inc_stated_1eft_othpt":85,"part_inc_stated_1eft_othnw":57,"tot_tot":6011,"all_inc_ns_bnw":4,"all_inc_ns_1eft_othaw":3,"tot_lfsta_ns":339,"i_4000more_lfsta_ns":0,"tot_1ept_othaw":50,"sa3_name16":"Yarra","all_inc_ns_1eft_othnw":0,"part_inc_stated_1eft_othaw":13,"all_inc_ns_lfsta_ns":18,"all_inc_ns_1aw_othnw":3},"id":"sa3_g55b_tot_fam_inc_by_lbr_frc_sts_cpl_fam_wh_chld_census_2016.fid--2ea3ac96_163341f620f_3096"},{"type":"Feature","properties":{"tot_bnw":1432,"part_inc_stated_lfsta_ns":1475,"part_inc_stated_1ept_othnw":123,"part_inc_stated_1aw_othnw":22,"part_inc_stated_1ept_othaw":17,"all_inc_ns_tot":221,"part_inc_stated_bnw":139,"i_4000more_tot":8386,"all_inc_ns_be_wft":34,"tot_1eft_othnw":4296,"part_inc_stated_tot":3063,"i_4000more_1aw_othnw":33,"part_inc_stated_be_baw":20,"tot_be_baw":153,"tot_1eft_othpt":7058,"i_4000more_bnw":170,"tot_be_wft":4782,"all_inc_ns_be_wpt":0,"sa3_code16":"20701","tot_1ept_othnw":1045,"part_inc_stated_be_wpt":89,"all_inc_ns_be_baw":27,"tot_1aw_othnw":171,"tot_1eft_othaw":616,"part_inc_stated_be_wft":356,"all_inc_ns_1ept_othnw":3,"all_inc_ns_1eft_othpt":48,"tot_be_wpt":845,"all_inc_ns_1ept_othaw":6,"part_inc_stated_1eft_othpt":497,"part_inc_stated_1eft_othnw":305,"tot_tot":22119,"all_inc_ns_bnw":15,"all_inc_ns_1eft_othaw":12,"tot_lfsta_ns":1550,"i_4000more_lfsta_ns":12,"tot_1ept_othaw":181,"sa3_name16":"Boroondara","all_inc_ns_1eft_othnw":25,"part_inc_stated_1eft_othaw":22,"all_inc_ns_lfsta_ns":44,"all_inc_ns_1aw_othnw":6},"id":"sa3_g55b_tot_fam_inc_by_lbr_frc_sts_cpl_fam_wh_chld_census_2016.fid--2ea3ac96_163341f620f_3097"},{"type":"Feature","properties":{"tot_bnw":1472,"part_inc_stated_lfsta_ns":672,"part_inc_stated_1ept_othnw":66,"part_inc_stated_1aw_othnw":18,"part_inc_stated_1ept_othaw":7,"all_inc_ns_tot":118,"part_inc_stated_bnw":164,"i_4000more_tot":2087,"all_inc_ns_be_wft":13,"tot_1eft_othnw":2644,"part_inc_stated_tot":1536,"i_4000more_1aw_othnw":7,"part_inc_stated_be_baw":15,"tot_be_baw":86,"tot_1eft_othpt":3419,"i_4000more_bnw":64,"tot_be_wft":2331,"all_inc_ns_be_wpt":0,"sa3_code16":"20702","tot_1ept_othnw":797,"part_inc_stated_be_wpt":40,"all_inc_ns_be_baw":13,"tot_1aw_othnw":138,"tot_1eft_othaw":300,"part_inc_stated_be_wft":179,"all_inc_ns_1ept_othnw":0,"all_inc_ns_1eft_othpt":23,"tot_be_wpt":601,"all_inc_ns_1ept_othaw":0,"part_inc_stated_1eft_othpt":204,"part_inc_stated_1eft_othnw":151,"tot_tot":12624,"all_inc_ns_bnw":18,"all_inc_ns_1eft_othaw":5,"tot_lfsta_ns":736,"i_4000more_lfsta_ns":7,"tot_1ept_othaw":107,"sa3_name16":"Manningham - West","all_inc_ns_1eft_othnw":10,"part_inc_stated_1eft_othaw":18,"all_inc_ns_lfsta_ns":35,"all_inc_ns_1aw_othnw":3},"id":"sa3_g55b_tot_fam_inc_by_lbr_frc_sts_cpl_fam_wh_chld_census_2016.fid--2ea3ac96_163341f620f_3098"},{"type":"Feature","properties":{"tot_bnw":1052,"part_inc_stated_lfsta_ns":672,"part_inc_stated_1ept_othnw":48,"part_inc_stated_1aw_othnw":11,"part_inc_stated_1ept_othaw":8,"all_inc_ns_tot":92,"part_inc_stated_bnw":102,"i_4000more_tot":2609,"all_inc_ns_be_wft":14,"tot_1eft_othnw":2486,"part_inc_stated_tot":1413,"i_4000more_1aw_othnw":6,"part_inc_stated_be_baw":13,"tot_be_baw":72,"tot_1eft_othpt":4103,"i_4000more_bnw":40,"tot_be_wft":2516,"all_inc_ns_be_wpt":3,"sa3_code16":"20703","tot_1ept_othnw":682,"part_inc_stated_be_wpt":24,"all_inc_ns_be_baw":5,"tot_1aw_othnw":93,"tot_1eft_othaw":361,"part_inc_stated_be_wft":176,"all_inc_ns_1ept_othnw":0,"all_inc_ns_1eft_othpt":29,"tot_be_wpt":517,"all_inc_ns_1ept_othaw":3,"part_inc_stated_1eft_othpt":202,"part_inc_stated_1eft_othnw":139,"tot_tot":12715,"all_inc_ns_bnw":5,"all_inc_ns_1eft_othaw":3,"tot_lfsta_ns":708,"i_4000more_lfsta_ns":0,"tot_1ept_othaw":119,"sa3_name16":"Whitehorse - West","all_inc_ns_1eft_othnw":5,"part_inc_stated_1eft_othaw":18,"all_inc_ns_lfsta_ns":16,"all_inc_ns_1aw_othnw":0},"id":"sa3_g55b_tot_fam_inc_by_lbr_frc_sts_cpl_fam_wh_chld_census_2016.fid--2ea3ac96_163341f620f_3099"},{"type":"Feature","properties":{"tot_bnw":686,"part_inc_stated_lfsta_ns":861,"part_inc_stated_1ept_othnw":53,"part_inc_stated_1aw_othnw":13,"part_inc_stated_1ept_othaw":10,"all_inc_ns_tot":140,"part_inc_stated_bnw":71,"i_4000more_tot":5045,"all_inc_ns_be_wft":17,"tot_1eft_othnw":2614,"part_inc_stated_tot":1854,"i_4000more_1aw_othnw":29,"part_inc_stated_be_baw":9,"tot_be_baw":77,"tot_1eft_othpt":4688,"i_4000more_bnw":76,"tot_be_wft":2888,"all_inc_ns_be_wpt":5,"sa3_code16":"20801","tot_1ept_othnw":559,"part_inc_stated_be_wpt":46,"all_inc_ns_be_baw":8,"tot_1aw_othnw":103,"tot_1eft_othaw":403,"part_inc_stated_be_wft":232,"all_inc_ns_1ept_othnw":6,"all_inc_ns_1eft_othpt":35,"tot_be_wpt":464,"all_inc_ns_1ept_othaw":0,"part_inc_stated_1eft_othpt":350,"part_inc_stated_1eft_othnw":182,"tot_tot":13462,"all_inc_ns_bnw":12,"all_inc_ns_1eft_othaw":3,"tot_lfsta_ns":896,"i_4000more_lfsta_ns":3,"tot_1ept_othaw":97,"sa3_name16":"Bayside","all_inc_ns_1eft_othnw":23,"part_inc_stated_1eft_othaw":27,"all_inc_ns_lfsta_ns":23,"all_inc_ns_1aw_othnw":4},"id":"sa3_g55b_tot_fam_inc_by_lbr_frc_sts_cpl_fam_wh_chld_census_2016.fid--2ea3ac96_163341f620f_309a"},{"type":"Feature","properties":{"tot_bnw":1494,"part_inc_stated_lfsta_ns":404,"part_inc_stated_1ept_othnw":47,"part_inc_stated_1aw_othnw":14,"part_inc_stated_1ept_othaw":3,"all_inc_ns_tot":129,"part_inc_stated_bnw":136,"i_4000more_tot":861,"all_inc_ns_be_wft":10,"tot_1eft_othnw":2054,"part_inc_stated_tot":1021,"i_4000more_1aw_othnw":6,"part_inc_stated_be_baw":13,"tot_be_baw":83,"tot_1eft_othpt":2839,"i_4000more_bnw":29,"tot_be_wft":1558,"all_inc_ns_be_wpt":3,"sa3_code16":"20902","tot_1ept_othnw":682,"part_inc_stated_be_wpt":32,"all_inc_ns_be_baw":4,"tot_1aw_othnw":165,"tot_1eft_othaw":311,"part_inc_stated_be_wft":120,"all_inc_ns_1ept_othnw":0,"all_inc_ns_1eft_othpt":16,"tot_be_wpt":492,"all_inc_ns_1ept_othaw":3,"part_inc_stated_1eft_othpt":142,"part_inc_stated_1eft_othnw":109,"tot_tot":10264,"all_inc_ns_bnw":26,"all_inc_ns_1eft_othaw":3,"tot_lfsta_ns":485,"i_4000more_lfsta_ns":0,"tot_1ept_othaw":96,"sa3_name16":"Darebin - North","all_inc_ns_1eft_othnw":15,"part_inc_stated_1eft_othaw":8,"all_inc_ns_lfsta_ns":40,"all_inc_ns_1aw_othnw":11},"id":"sa3_g55b_tot_fam_inc_by_lbr_frc_sts_cpl_fam_wh_chld_census_2016.fid--2ea3ac96_163341f620f_309b"},{"type":"Feature","properties":{"tot_bnw":1110,"part_inc_stated_lfsta_ns":944,"part_inc_stated_1ept_othnw":56,"part_inc_stated_1aw_othnw":19,"part_inc_stated_1ept_othaw":17,"all_inc_ns_tot":197,"part_inc_stated_bnw":109,"i_4000more_tot":4820,"all_inc_ns_be_wft":26,"tot_1eft_othnw":3590,"part_inc_stated_tot":2154,"i_4000more_1aw_othnw":20,"part_inc_stated_be_baw":17,"tot_be_baw":139,"tot_1eft_othpt":6485,"i_4000more_bnw":65,"tot_be_wft":4134,"all_inc_ns_be_wpt":3,"sa3_code16":"20802","tot_1ept_othnw":889,"part_inc_stated_be_wpt":63,"all_inc_ns_be_baw":13,"tot_1aw_othnw":161,"tot_1eft_othaw":644,"part_inc_stated_be_wft":299,"all_inc_ns_1ept_othnw":12,"all_inc_ns_1eft_othpt":58,"tot_be_wpt":776,"all_inc_ns_1ept_othaw":3,"part_inc_stated_1eft_othpt":400,"part_inc_stated_1eft_othnw":209,"tot_tot":19126,"all_inc_ns_bnw":12,"all_inc_ns_1eft_othaw":4,"tot_lfsta_ns":1016,"i_4000more_lfsta_ns":5,"tot_1ept_othaw":184,"sa3_name16":"Glen Eira","all_inc_ns_1eft_othnw":22,"part_inc_stated_1eft_othaw":26,"all_inc_ns_lfsta_ns":42,"all_inc_ns_1aw_othnw":11},"id":"sa3_g55b_tot_fam_inc_by_lbr_frc_sts_cpl_fam_wh_chld_census_2016.fid--2ea3ac96_163341f620f_309c"},{"type":"Feature","properties":{"tot_bnw":886,"part_inc_stated_lfsta_ns":679,"part_inc_stated_1ept_othnw":36,"part_inc_stated_1aw_othnw":15,"part_inc_stated_1ept_othaw":16,"all_inc_ns_tot":137,"part_inc_stated_bnw":99,"i_4000more_tot":2325,"all_inc_ns_be_wft":25,"tot_1eft_othnw":2665,"part_inc_stated_tot":1626,"i_4000more_1aw_othnw":11,"part_inc_stated_be_baw":19,"tot_be_baw":143,"tot_1eft_othpt":5441,"i_4000more_bnw":34,"tot_be_wft":3216,"all_inc_ns_be_wpt":0,"sa3_code16":"20803","tot_1ept_othnw":583,"part_inc_stated_be_wpt":45,"all_inc_ns_be_baw":17,"tot_1aw_othnw":150,"tot_1eft_othaw":523,"part_inc_stated_be_wft":269,"all_inc_ns_1ept_othnw":6,"all_inc_ns_1eft_othpt":30,"tot_be_wpt":542,"all_inc_ns_1ept_othaw":5,"part_inc_stated_1eft_othpt":282,"part_inc_stated_1eft_othnw":145,"tot_tot":15027,"all_inc_ns_bnw":6,"all_inc_ns_1eft_othaw":0,"tot_lfsta_ns":725,"i_4000more_lfsta_ns":0,"tot_1ept_othaw":156,"sa3_name16":"Kingston","all_inc_ns_1eft_othnw":19,"part_inc_stated_1eft_othaw":24,"all_inc_ns_lfsta_ns":24,"all_inc_ns_1aw_othnw":4},"id":"sa3_g55b_tot_fam_inc_by_lbr_frc_sts_cpl_fam_wh_chld_census_2016.fid--2ea3ac96_163341f620f_309d"}]}