{"organisation":"AU_Govt_ABS","name":"sa3_g55b_tot_fam_inc_by_lbr_frc_sts_cpl_fam_wh_chld_census_2016","title":"SA3-G55b Total Family Income (Weekly) by Labour Force Status of Partners for Couple Families with Children-Census 2016","legal":{"copyrightYear":"2017","attributionYear":"2017","attribution":"{datasource.organisationTitle}, ({dataset.attributionYear}): {dataset.title}; accessed from AURIN Portal on {dateOfAccess}.","clickthrough":false,"licenceType":"Creative Commons Attribution 2.5 Australia (CC BY 2.5 AU)","copyrightNotice":"&copy; {datasource.organisationTitle} {dataset.copyrightYear}"},"referenceSystemIdentifier":"urn:x-ogc:def:crs:EPSG:4283","geoLevel":"sa3_2016","key":"sa3_code16","keyRegex":null,"availability":"true","geomField":"wkb_geometry","keyword":"census,2016,gcp,general community profile,family income,income,children,work status,labour force,couple family,g55b","theme":null,"temporalExtent":{"beginDate":"2016-08-09T00:00:00","endDate":"2016-08-11T00:00:00","selectTime":false},"type":"dataset","_id":"dataset-AU_Govt_ABS-sa3_g55b_tot_fam_inc_by_lbr_frc_sts_cpl_fam_wh_chld_census_2016-sa3_2016","bbox":null,"abstract":"SA3 based data for Total Family Income (Weekly) by Labour Force Status of Parents/Partners for Couple Families With Children, in General Community Profile (GCP), 2016 Census. Count of couple families with children. 'Employed, worked full-time' is defined as having worked 35 hours or more in all jobs during the week prior to Census Night. Employed, away from work' comprises employed persons who did not work any hours in the week prior to Census Night or who did not state their number of hours worked. G55 is broken up into two sections (G55a-G55b) this section contains '$4000 or more One away from work other not working' - 'Total Total'. The data is by SA3 2016 boundaries. Periodicity: 5-Yearly. <br/> \nNote: There are small random adjustments made to all cell values to protect the confidentiality of data. These adjustments may cause the sum of rows or columns to differ by small amounts from table totals.<br/> \nFor more information visit the data source: <a href=http://www.abs.gov.au/census>http://www.abs.gov.au/census</a>.\n","selectedAttributes":[{"name":"sa3_code16","type":"java.lang.String","title":"SA3 Code 2016","description":"SA3 Code 2016.","stype":"nominal","isDimension":false},{"name":"all_inc_ns_1aw_othnw","type":"java.lang.Integer","title":"All incomes not stated One away from work other not working","description":"All incomes not stated One away from work other not working.","stype":"ratio","isDimension":false},{"name":"all_inc_ns_1eft_othaw","type":"java.lang.Integer","title":"All incomes not stated One employed Full-time Other away from work","description":"All incomes not stated One employed Full-time Other away from work.","stype":"ratio","isDimension":false},{"name":"all_inc_ns_1eft_othnw","type":"java.lang.Integer","title":"All incomes not stated One employed Full-time Other not working","description":"All incomes not stated One employed Full-time Other not working.","stype":"ratio","isDimension":false},{"name":"all_inc_ns_1eft_othpt","type":"java.lang.Integer","title":"All incomes not stated One employed Full-time Other Part-time","description":"All incomes not stated One employed Full-time Other Part-time.","stype":"ratio","isDimension":false},{"name":"all_inc_ns_1ept_othaw","type":"java.lang.Integer","title":"All incomes not stated One employed Part-time Other away from work","description":"All incomes not stated One employed Part-time Other away from work.","stype":"ratio","isDimension":false},{"name":"all_inc_ns_1ept_othnw","type":"java.lang.Integer","title":"All incomes not stated One employed Part-time Other not working","description":"All incomes not stated One employed Part-time Other not working.","stype":"ratio","isDimension":false},{"name":"all_inc_ns_be_baw","type":"java.lang.Integer","title":"All incomes not stated Both employed Both away from work","description":"All incomes not stated Both employed Both away from work.","stype":"ratio","isDimension":false},{"name":"all_inc_ns_be_wft","type":"java.lang.Integer","title":"All incomes not stated Both employed Worked Full-time","description":"All incomes not stated Both employed Worked Full-time.","stype":"ratio","isDimension":false},{"name":"all_inc_ns_be_wpt","type":"java.lang.Integer","title":"All incomes not stated Both employed Worked Part-time","description":"All incomes not stated Both employed Worked Part-time.","stype":"ratio","isDimension":false},{"name":"all_inc_ns_bnw","type":"java.lang.Integer","title":"All incomes not stated Both not working","description":"All incomes not stated Both not working.","stype":"ratio","isDimension":false},{"name":"all_inc_ns_lfsta_ns","type":"java.lang.Integer","title":"All incomes not stated Labour force status not stated","description":"All incomes not stated Labour force status not stated.","stype":"ratio","isDimension":false},{"name":"all_inc_ns_tot","type":"java.lang.Integer","title":"All incomes not stated Total","description":"All incomes not stated Total.","stype":"ratio","isDimension":false},{"name":"i_4000more_1aw_othnw","type":"java.lang.Integer","title":"$4000 or more One away from work other not working","description":"$4000 or more One away from work other not working.","stype":"ratio","isDimension":false},{"name":"i_4000more_bnw","type":"java.lang.Integer","title":"$4000 or more Both not working","description":"$4000 or more Both not working.","stype":"ratio","isDimension":false},{"name":"i_4000more_lfsta_ns","type":"java.lang.Integer","title":"$4000 or more Labour force status not stated","description":"$4000 or more Labour force status not stated.","stype":"ratio","isDimension":false},{"name":"i_4000more_tot","type":"java.lang.Integer","title":"$4000 or more Total","description":"$4000 or more Total.","stype":"ratio","isDimension":false},{"name":"part_inc_stated_1aw_othnw","type":"java.lang.Integer","title":"Partial income stated One away from work other not working","description":"Partial income stated One away from work other not working.","stype":"ratio","isDimension":false},{"name":"part_inc_stated_1eft_othaw","type":"java.lang.Integer","title":"Partial income stated One employed Full-time Other away from work","description":"Partial income stated One employed Full-time Other away from work.","stype":"ratio","isDimension":false},{"name":"part_inc_stated_1eft_othnw","type":"java.lang.Integer","title":"Partial income stated One employed Full-time Other not working","description":"Partial income stated One employed Full-time Other not working.","stype":"ratio","isDimension":false},{"name":"part_inc_stated_1eft_othpt","type":"java.lang.Integer","title":"Partial income stated One employed Full-time Other Part-time","description":"Partial income stated One employed Full-time Other Part-time.","stype":"ratio","isDimension":false},{"name":"part_inc_stated_1ept_othaw","type":"java.lang.Integer","title":"Partial income stated One employed Part-time Other away from work","description":"Partial income stated One employed Part-time Other away from work.","stype":"ratio","isDimension":false},{"name":"part_inc_stated_1ept_othnw","type":"java.lang.Integer","title":"Partial income stated One employed Part-time Other not working","description":"Partial income stated One employed Part-time Other not working.","stype":"ratio","isDimension":false},{"name":"part_inc_stated_be_baw","type":"java.lang.Integer","title":"Partial income stated Both employed Both away from work","description":"Partial income stated Both employed Both away from work.","stype":"ratio","isDimension":false},{"name":"part_inc_stated_be_wft","type":"java.lang.Integer","title":"Partial income stated Both employed Worked Full-time","description":"Partial income stated Both employed Worked Full-time.","stype":"ratio","isDimension":false},{"name":"part_inc_stated_be_wpt","type":"java.lang.Integer","title":"Partial income stated Both employed Worked Part-time","description":"Partial income stated Both employed Worked Part-time.","stype":"ratio","isDimension":false},{"name":"part_inc_stated_bnw","type":"java.lang.Integer","title":"Partial income stated Both not working","description":"Partial income stated Both not working.","stype":"ratio","isDimension":false},{"name":"part_inc_stated_lfsta_ns","type":"java.lang.Integer","title":"Partial income stated Labour force status not stated","description":"Partial income stated Labour force status not stated.","stype":"ratio","isDimension":false},{"name":"part_inc_stated_tot","type":"java.lang.Integer","title":"Partial income stated Total","description":"Partial income stated Total.","stype":"ratio","isDimension":false},{"name":"sa3_name16","type":"java.lang.String","title":"SA3 Name 2016","description":"SA3 Name 2016.","stype":"nominal","isDimension":false},{"name":"tot_1aw_othnw","type":"java.lang.Integer","title":"Total One away from work other not working","description":"Total One away from work other not working.","stype":"ratio","isDimension":false},{"name":"tot_1eft_othaw","type":"java.lang.Integer","title":"Total One employed Full-time Other away from work","description":"Total One employed Full-time Other away from work.","stype":"ratio","isDimension":false},{"name":"tot_1eft_othnw","type":"java.lang.Integer","title":"Total One employed Full-time Other not working","description":"Total One employed Full-time Other not working.","stype":"ratio","isDimension":false},{"name":"tot_1eft_othpt","type":"java.lang.Integer","title":"Total One employed Full-time Other Part-time","description":"Total One employed Full-time Other Part-time.","stype":"ratio","isDimension":false},{"name":"tot_1ept_othaw","type":"java.lang.Integer","title":"Total One employed Part-time Other away from work","description":"Total One employed Part-time Other away from work.","stype":"ratio","isDimension":false},{"name":"tot_1ept_othnw","type":"java.lang.Integer","title":"Total One employed Part-time Other not working","description":"Total One employed Part-time Other not working.","stype":"ratio","isDimension":false},{"name":"tot_be_baw","type":"java.lang.Integer","title":"Total Both employed Both away from work","description":"Total Both employed Both away from work.","stype":"ratio","isDimension":false},{"name":"tot_be_wft","type":"java.lang.Integer","title":"Total Both employed Worked Full-time","description":"Total Both employed Worked Full-time.","stype":"ratio","isDimension":false},{"name":"tot_be_wpt","type":"java.lang.Integer","title":"Total Both employed Worked Part-time","description":"Total Both employed Worked Part-time.","stype":"ratio","isDimension":false},{"name":"tot_bnw","type":"java.lang.Integer","title":"Total Both not working","description":"Total Both not working.","stype":"ratio","isDimension":false},{"name":"tot_lfsta_ns","type":"java.lang.Integer","title":"Total Labour force status not stated","description":"Total Labour force status not stated.","stype":"ratio","isDimension":false},{"name":"tot_tot","type":"java.lang.Integer","title":"Total Total","description":"Total Total.","stype":"ratio","isDimension":false}],"filter":{"filterType":"tabular","feature":{"key":"sa3_code16","geoLevel":"sa3_2016","geoField":"ignored","year":"2006","featureBbox":[144.33363404800002,-38.50298801599996,145.8784120140001,-37.17509899299995],"featureType":"gccsa_2016","featureInstance":"2GMEL","featureName":"Greater Melbourne","referenceSystemIdentifier":"urn:x-ogc:def:crs:EPSG:4283","prefix":"","keyTransform":null},"states":["2"]}}